{
    "outages": [
{
    "id": "O-9603257401",
    "outageConfirmed": true,
    "crewStatus": "EN ROUTE",
    "crewIconIndicator": true,
    "cause": "Branch On Line",
    "comments": null,
    "etr": null,
    "etrType": null,
    "startedAt": "2017-04-02T17:27:06.974Z",
    "restoredAt": null,
    "updatedAt": "2017-04-05T17:27:06.974Z",
    "affectedDeliveryNodes": [
        {
            "dnId": "9603257401"
        }
    ]
},
{
    "id": "O-1589624018",
    "outageConfirmed": true,
    "crewStatus": null,
    "crewIconIndicator": false,
    "cause": "Life Happens",
    "comments": "Traffic has been re-routed due to life happening.",
    "etr": "2017-04-06T19:27:06.974Z",
    "etrType": "LOW",
    "startedAt": "2017-04-02T17:27:06.974Z",
    "restoredAt": null,
    "updatedAt": "2017-04-05T17:27:06.974Z",
    "affectedDeliveryNodes": [
        {
            "dnId": "9603257401"
        },
        {
            "dnId": "1589624018"
        }
    ]
},
{
    "id": "O-1011723801",
    "outageConfirmed": true,
    "crewStatus": null,
    "crewIconIndicator": false,
    "cause": "Fire On Line",
    "comments": null,
    "etr": null,
    "etrType": null,
    "startedAt": "2017-04-02T17:27:06.974Z",
    "restoredAt": null,
    "updatedAt": "2017-04-05T17:27:06.974Z",
    "affectedDeliveryNodes": [
        {
            "dnId": "9603257401"
        },
        {
            "dnId": "1011723801"
        }
    ]
},
{
    "id": "O-8012472501",
    "outageConfirmed": true,
    "crewStatus": "Arrived",
    "crewIconIndicator": false,
    "cause": "Branch On Line",
    "comments": null,
    "etr": "2017-04-06T12:20:06.974Z",
    "etrType": "HIGH",
    "startedAt": "2017-04-02T17:27:06.974Z",
    "restoredAt": null,
    "updatedAt": "2017-04-05T17:27:06.974Z",
    "affectedDeliveryNodes": [
        {
            "dnId": "8012472501"
        }
    ]
}
]
}