{"version":"V1","version":"V1","name":"01-QATest","sources":{"outageFeed":"e7f95efc-0200-4da6-8d7c-46901c39c739","deliveryNodeFeed":"b056345f-c0b6-4d0f-96db-a92e78c4647d","selectedRegions":{"d8dc1083-9882-407f-9930-f62324f8dd1e":{"selectedRegionThematics":{"zip":{"regionThematic":"1cd02dcb-5973-496b-917f-aa4a2234190e","filterDeliveryNodes":true,"hierarchy":[]},"county":{"regionThematic":"a0e8a5c3-0b4c-4fbf-9e0e-3b0c9038e8ad","filterDeliveryNodes":true,"hierarchy":["state"]}}}}},"views":{"0":{"globalUUID":"6817fedc-555c-46b9-8ed9-b1c2322f9577","url":"dev.kubra.io/views/6817fedc-555c-46b9-8ed9-b1c2322f9577","name":"01-TestView","general":{"defaultLanguage":"EN-US","utility":"QAPowerCompany","country":"US","timeZone":"mst","gaTrackingCodes":["UA-50035820-1"]},"map":{"minZoom":5,"maxZoom":18,"startZoom":6,"startCoord":{"type":"Point","coordinates":[34.5,-111.49],"bbox":[30.287148,-120.123134,40.821787,-107.357022]},"allowedMapTypes":["s","r","h"],"defaultBaseLayer":"r","mapApi":"googlemaps","mapApiCredentials":"client=gme-ifactorconsulting1"},"dataLayers":["cluster-1","thematic-2","thematic-3"],"reports":["0212e2fc-ed0c-43e6-9a6f-2b5bd2540f9a","f575db75-cc30-4e2e-8fa1-ec012395d1f2"],"summary":"summary-1","visibility":{"choiceVisibility":{"7a9b9dde-238f-46a7-80fd-e804338110ec":{"name":"Stuff","options":{"8b25ccbf-e198-4269-809f-e1ed55210588":{"order":"2","layers":[],"minimumZoom":5,"maximumZoom":12,"checkZoomOut":true,"checkZoomIn":true,"label":{"EN-US":"view by area","ES-ES":"view by area"},"subControls":{"23c955ea-0453-45ba-bf3a-82962a05af53":{"minimumZoom":10,"maximumZoom":18,"layers":["thematic-2"]},"5005e5b7-ad7e-410a-b2d6-01cfb3bb3f55":{"minimumZoom":5,"maximumZoom":9,"layers":["thematic-3"]}}},"d94c1fb9-4556-43e0-bb3a-61145229d8d1":{"order":"1","layers":["cluster-1"],"minimumZoom":13,"maximumZoom":18,"checkZoomOut":true,"checkZoomIn":true,"label":{"EN-US":"view by location","ES-ES":"view by location"},"subControls":{}}},"legend":{"showLegendInMap":true},"defaultInNormal":"d94c1fb9-4556-43e0-bb3a-61145229d8d1","defaultInStorm":"d94c1fb9-4556-43e0-bb3a-61145229d8d1"}},"toggleVisibility":{}},"serviceTerritory":"9e32e9eb-7d8e-4e5f-b577-52740df2e5b3","design":"a714720d-a6b9-4be3-91a8-8bf97b73c947","customLayers":{"enableCustomLayers":true,"defaultShow":false},"weather":{"enableWeather":true,"defaultShow":false},"customersMasking":{"customersAffectedMaskingVerbiage":{"EN-US":"Fewer than: "},"customersAffectedPercentageMaskingVerbiage":{"EN-US":"< "}}},"1":{"globalUUID":"f31e75a6-47a7-422e-8a7e-7df72d680047","url":"dev.kubra.io/views/f31e75a6-47a7-422e-8a7e-7df72d680047","name":"02-TestView","general":{"defaultLanguage":"EN-US","utility":"QAPowerCompany","country":"US","timeZone":"mst","gaTrackingCodes":["UA-50035820-1"]},"map":{"minZoom":5,"maxZoom":18,"startZoom":6,"startCoord":{"type":"Point","coordinates":[34.5,-111.49],"bbox":[30.287148,-120.123134,40.821787,-107.357022]},"allowedMapTypes":["s","r","h"],"defaultBaseLayer":"r","mapApi":"googlemaps","mapApiCredentials":"client=gme-ifactorconsulting1"},"dataLayers":["cluster-1","thematic-2","thematic-3"],"reports":["0212e2fc-ed0c-43e6-9a6f-2b5bd2540f9a","f575db75-cc30-4e2e-8fa1-ec012395d1f2"],"summary":"summary-1","visibility":{"choiceVisibility":{"90719bab-1ac2-4a83-a399-029f3e747d6b":{"name":null,"options":{"cb4b624d-f9c3-4212-b6ce-b97649261347":{"order":"1","layers":["cluster-1"],"minimumZoom":13,"maximumZoom":18,"checkZoomOut":true,"checkZoomIn":true,"label":{"EN-US":"ViewByLocationEN","ES-ES":"ViewByLocationES"},"subControls":{}},"f5424e4d-3e13-4d6b-883c-41953295411d":{"order":"2","layers":[],"minimumZoom":5,"maximumZoom":12,"checkZoomOut":true,"checkZoomIn":true,"label":{"EN-US":"ViewByAreaEN","ES-ES":"ViewByAreaES"},"subControls":{"113e1d80-0a03-4205-ba2a-b5a58eebecd9":{"minimumZoom":11,"maximumZoom":18,"layers":["thematic-2"]},"ba93ad2d-17ac-42db-bbe8-6be94ee4e27c":{"minimumZoom":5,"maximumZoom":10,"layers":["thematic-3"]}}}},"legend":{"showLegendInMap":true},"defaultInNormal":"cb4b624d-f9c3-4212-b6ce-b97649261347","defaultInStorm":"f5424e4d-3e13-4d6b-883c-41953295411d"}},"toggleVisibility":{}},"serviceTerritory":"9e32e9eb-7d8e-4e5f-b577-52740df2e5b3","design":"a714720d-a6b9-4be3-91a8-8bf97b73c947","customLayers":{"enableCustomLayers":true,"defaultShow":false},"weather":{"enableWeather":true,"defaultShow":false},"customersMasking":{"customersAffectedMaskingVerbiage":{"EN-US":"Fewer than: "},"customersAffectedPercentageMaskingVerbiage":{"EN-US":"< "}}}},"dataLayers":{"cluster-1":{"type":"CLUSTER","name":"01-ClusterLayer","title":{"EN-US":"ClusterLayerEN","ES-ES":"ClusterLayerES"},"layerFieldLabels":{"etr":{"order":"1","desktop-text":{"EN-US":"ERTDesktopClusterEN","ES-ES":"ERTDesktopClusterES"},"mobile-text":{"EN-US":"ERTMobileClusterEN","ES-ES":"ERTMobileClusterES"}},"cause":{"order":"9","desktop-text":{"EN-US":"CauseDesktopClusterEN","ES-ES":"CauseDesktopClusterES"},"mobile-text":{"EN-US":"CauseMobileClusterEN","ES-ES":"CauseMobileClusterES"}},"etrType":{"order":"4","desktop-text":{"EN-US":"ETRTypeDesktopClusterEN","ES-ES":"ETRTypeDesktopClusterES"},"mobile-text":{"EN-US":"ETRTypeMobileClusterEN","ES-ES":"ETRTypeMobileClusterES"}},"comments":{"order":"8","desktop-text":{"EN-US":"CommentsDesktopClusterEN","ES-ES":"CommentsDesktopClusterES"},"mobile-text":{"EN-US":"CommentsMobileClusterEN","ES-ES":"CommentsMobileClusterES"}},"startTime":{"order":"10","desktop-text":{"EN-US":"StartTimeDesktopClusterEN","ES-ES":"StartTimeDesktopClusterES"},"mobile-text":{"EN-US":"StartTimeMobileClusterEN","ES-ES":"StartTimeMobileClusterES"}},"crewStatus":{"order":"7","desktop-text":{"EN-US":"CrewStatusDesktopClusterEN","ES-ES":"CrewStatusDesktopClusterES"},"mobile-text":{"EN-US":"CrewStatusMobileClusterEN","ES-ES":"CrewStatusMobileClusterES"}},"incidentId":{"order":"6","desktop-text":{"EN-US":"IncidentIDDesktopClusterEN","ES-ES":"IncidentIDDesktopClusterES"},"mobile-text":{"EN-US":"IncidentIDMobileClusterEN","ES-ES":"IncidentIDMobileClusterES"}},"etrConfidence":{"order":"5","desktop-text":{"EN-US":"ETRConfidenceDesktopClusterEN","ES-ES":"ETRConfidenceDesktopClusterES"},"mobile-text":{"EN-US":"ETRConfidenceMobileClusterEN","ES-ES":"ETRConfidenceMobileClusterES"}},"numberOfOutages":{"order":"2","desktop-text":{"EN-US":"OutageDesktopClusterEN","ES-ES":"OutageDesktopClusterES"},"mobile-text":{"EN-US":"OutageMobileClusterEN","ES-ES":"OutageMobileClusterES"}},"customersAffected":{"order":"3","desktop-text":{"EN-US":"AffectedDesktopClusterEN","ES-ES":"AffectedDesktopClusterES"},"mobile-text":{"EN-US":"AffectedMobileClusterEN","ES-ES":"AffectedMobileClusterES"}}},"etrGroupingCondition":"latest-etr-any","ranges":[{"start":501,"end":null,"style":"outages-red-star"},{"start":1,"end":100,"style":"outages-blue-circle"},{"start":101,"end":250,"style":"outages-green-triangle"},{"start":251,"end":500,"style":"outages-purple-square"}],"methodForRange":"custAffNumOut","legendLabel":{"mobile-text":{"EN-US":"LegendLabelClusterMobileEN","ES-ES":"LegendLabelClusterMobileES"},"desktop-text":{"EN-US":"LegendLabelClusterDesktopEN","ES-ES":"LegendLabelClusterDesktopES"}},"customersAffectedMaskingEnabled":true,"customersAffectedMaskingValue":5,"customersAffectedPercentageMaskingEnabled":true,"customersAffectedPercentageMaskingValue":2.0,"footerButtons":[{"order":"4","customButton":"47ad24b8-0335-4267-88ee-5b6efae385c3"},{"order":"3","customButton":"19213535-c0e2-4046-ba80-43e8b62f822f"}],"regions":["d8dc1083-9882-407f-9930-f62324f8dd1e"],"individualInfoBoxFields":{"incidentId":true,"etr":true,"customersAffected":true,"crewStatus":true,"comments":true,"cause":true,"startTime":true,"etrType":false,"etrConfidence":false},"clusterInfoBoxFields":{"etr":true,"numberOfOutages":true,"customersAffected":true,"etrType":true,"etrConfidence":true},"clusterLayerBehavior":{"enableCrewIconIndicator":true,"disablePolygons":true,"maxZoomToCluster":15,"startZoomToPaginateOutage":14,"clusterTolerance":20},"titleCluster":{"EN-US":"LayerTitleForClustersEN","ES-ES":"LayerTitleForClustersES"},"infoboxExtraText":{"EN-US":"InfoBoxTextEN","ES-ES":"InfoBoxTextES"},"clusteredInfoboxExtraText":{"EN-US":"InfoBoxTextEN","ES-ES":"InfoBoxTextES"},"paginatedInfoboxExtraText":{"EN-US":"InfoBoxTextEN","ES-ES":"InfoBoxTextES"}},"thematic-2":{"type":"THEMATIC","name":"01-ThematicZipLayer","title":{"EN-US":"ThematicZipLayerEN","ES-ES":"ThematicZipLayerES"},"layerFieldLabels":{"etr":{"order":"1","desktop-text":{"EN-US":"ERTDesktopZipEN","ES-ES":"ERTDesktopZipES"},"mobile-text":{"EN-US":"ERTMobileZipEN","ES-ES":"ERTMobileZipES"}},"customersServed":{"order":"4","desktop-text":{"EN-US":"ServedDesktopZipEN","ES-ES":"ServedDesktopZipES"},"mobile-text":{"EN-US":"ServedMobileZipEN","ES-ES":"ServedMobileZipES"}},"numberOfOutages":{"order":"2","desktop-text":{"EN-US":"OutageDesktopZipEN","ES-ES":"OutageDesktopZipES"},"mobile-text":{"EN-US":"OutageMobileZipEN","ES-ES":"OutageMobileZipES"}},"customersAffected":{"order":"3","desktop-text":{"EN-US":"AffectedDesktopZipEN","ES-ES":"AffectedDesktopZipES"},"mobile-text":{"EN-US":"AffectedMobileZipEN","ES-ES":"AffectedMobileZipES"}},"percentageCustomersAffected":{"order":"5","desktop-text":{"EN-US":"PercentAffectedDesktopZipEN","ES-ES":"PercentAffectedDesktopZipES"},"mobile-text":{"EN-US":"PercentAffectedMobileZipEN","ES-ES":"PercentAffectedMobileZipES"}}},"etrGroupingCondition":"latest-etr-any","ranges":[{"start":101,"end":250,"style":"thematic-green"},{"start":501,"end":null,"style":"thematic-red"},{"start":251,"end":500,"style":"thematic-purple"},{"start":1,"end":100,"style":"thematic-blue"}],"methodForRange":"custAff","legendLabel":{"mobile-text":{"EN-US":"LegendLabelZipMobileEN","ES-ES":"LegendLabelZipMobileES"},"desktop-text":{"EN-US":"LegendLabelZipDesktopEN","ES-ES":"LegendLabelZipDesktopES"}},"customersAffectedMaskingEnabled":true,"customersAffectedMaskingValue":5,"customersAffectedPercentageMaskingEnabled":true,"customersAffectedPercentageMaskingValue":2.0,"footerButtons":[{"order":"4","customButton":"47ad24b8-0335-4267-88ee-5b6efae385c3"},{"order":"3","customButton":"19213535-c0e2-4046-ba80-43e8b62f822f"}],"regions":["d8dc1083-9882-407f-9930-f62324f8dd1e"],"areaType":"zip","thematicInfoBoxFields":{"etr":true,"numberOfOutages":true,"customersAffected":true,"customersServed":true,"percentageCustomersAffected":true,"hierarchyFields":{}},"infoboxExtraText":{"ES-ES":"ExtraInfoBoxTextES"}},"thematic-3":{"type":"THEMATIC","name":"01-ThematicCountyLayer","title":{"EN-US":"ThematicCountyLayerEN","ES-ES":"ThematicCountyLayerES"},"layerFieldLabels":{"etr":{"order":"1","desktop-text":{"EN-US":"ERTDesktopCtyEN","ES-ES":"ERTDesktopCtyES"},"mobile-text":{"EN-US":"ERTMobileCtyEN","ES-ES":"ERTMobileCtyES"}},"customersServed":{"order":"4","desktop-text":{"EN-US":"ServedDesktopCtyEN","ES-ES":"ServedDesktopCtyES"},"mobile-text":{"EN-US":"ServedMobileCtyEN","ES-ES":"ServedMobileCtyES"}},"numberOfOutages":{"order":"2","desktop-text":{"EN-US":"OutageDesktopCtyEN","ES-ES":"OutageDesktopCtyES"},"mobile-text":{"EN-US":"OutageMobileCtyEN","ES-ES":"OutageMobileCtyES"}},"customersAffected":{"order":"3","desktop-text":{"EN-US":"AffectedDesktopCtyEN","ES-ES":"AffectedDesktopCtyES"},"mobile-text":{"EN-US":"AffectedMobileCtyEN","ES-ES":"AffectedMobileCtyES"}},"percentageCustomersAffected":{"order":"5","desktop-text":{"EN-US":"PercentAffectedDesktopCtyEN","ES-ES":"PercentAffectedDesktopCtyES"},"mobile-text":{"EN-US":"PercentAffectedMobileCtyEN","ES-ES":"PercentAffectedMobileCtyES"}}},"etrGroupingCondition":"latest-etr-any","ranges":[{"start":101,"end":250,"style":"thematic-green"},{"start":501,"end":null,"style":"thematic-red"},{"start":251,"end":500,"style":"thematic-purple"},{"start":1,"end":100,"style":"thematic-blue"}],"methodForRange":"custAff","legendLabel":{"mobile-text":{"EN-US":"LegendLabelCtyMobileEN","ES-ES":"LegendLabelCtyMobileES"},"desktop-text":{"EN-US":"LegendLabelCtyDesktopEN","ES-ES":"LegendLabelCtyDesktopES"}},"customersAffectedMaskingEnabled":true,"customersAffectedMaskingValue":5,"customersAffectedPercentageMaskingEnabled":true,"customersAffectedPercentageMaskingValue":2.0,"footerButtons":[{"order":"4","customButton":"47ad24b8-0335-4267-88ee-5b6efae385c3"},{"order":"3","customButton":"19213535-c0e2-4046-ba80-43e8b62f822f"}],"regions":["d8dc1083-9882-407f-9930-f62324f8dd1e"],"areaType":"county","thematicInfoBoxFields":{"etr":true,"numberOfOutages":true,"customersAffected":true,"customersServed":true,"percentageCustomersAffected":true,"hierarchyFields":{}},"infoboxExtraText":{"ES-ES":"ExtraInfoBoxTextES"}}},"summaries":{"summary-1":{"name":"01-Summary","regions":["d8dc1083-9882-407f-9930-f62324f8dd1e"],"summaryInfoBoxFields":{"activeOutages":true,"totalCustomersAffected":true,"totalCustomersServed":true,"lastUpdated":true,"updateWording":true},"mergeMultiRegions":true,"showSummaryLabels":true,"summaryLabels":{"merged":{"EN-US":"SummaryEN","ES-ES":"SummaryES"}},"customersAffectedMaskingEnabled":true,"customersAffectedMaskingValue":5,"customersAffectedPercentageMaskingEnabled":true,"customersAffectedPercentageMaskingValue":2.0}},"availableLanguages":["EN-US","ES-ES"],"serviceTerritories":{"9e32e9eb-7d8e-4e5f-b577-52740df2e5b3":{"name":"01-ServiceTerritory","regions":["d8dc1083-9882-407f-9930-f62324f8dd1e"],"mergeMultiRegions":true,"serviceTerritoryLabels":{"merged":{"EN-US":"ServiceTerritoryEN","ES-ES":"ServiceTerritoryES"}},"styles":{"merged":{"color":"purple","fillOpacity":0.05,"toggleable":true,"defaultToggleOn":true,"legendInMap":true}}}},"reports":{"0212e2fc-ed0c-43e6-9a6f-2b5bd2540f9a":{"name":"01-ZipDefaultReport","regions":["d8dc1083-9882-407f-9930-f62324f8dd1e"],"mergeMultiRegions":true,"reportButtonLabels":{"EN-US":"ZipReportEN","ES-ES":"ZipReportES"},"reportTitleLabels":{},"reportDescriptions":{"EN-US":"<p>Long Text - EN</p>","ES-ES":"<p>Long Text - ES</p>"},"reportFields":{"customersServed":true,"customersAffected":true,"percentageCustomersAffected":true,"etr":true,"hierarchyFields":{}},"reportBehavior":{"areaNameFilter":true,"initialLoadSortByField":"name","initialLoadExpandFullTree":true,"mobileDisplayAreasWithNoOutages":true},"reportFieldLabels":{"etr":{"order":"4","desktop-text":{"EN-US":"ETRDeskEN","ES-ES":"ETRDeskES"},"mobile-text":{"EN-US":"ETRMobEN","ES-ES":"ETRMobES"}},"name":{"order":"0","desktop-text":{"EN-US":"NameDeskEN","ES-ES":"NameDeskES"},"mobile-text":{"EN-US":"NameMobEN","ES-ES":"NameMobES"}},"customersServed":{"order":"2","desktop-text":{"EN-US":"CustomersServedDeskEN","ES-ES":"CustomersServedDeskES"},"mobile-text":{"EN-US":"CustomersServedMobEN","ES-ES":"CustomersServedMobES"}},"customersAffected":{"order":"1","desktop-text":{"EN-US":"CustomersAffectedDeskEN","ES-ES":"CustomersAffectedDeskES"},"mobile-text":{"EN-US":"CustomersAffectedMobEN","ES-ES":"CustomersAffectedMobES"}},"percentageCustomersAffected":{"order":"3","desktop-text":{"EN-US":"PercentageCustomersAffectedDeskEN","ES-ES":"PercentageCustomersAffectedDeskES"},"mobile-text":{"EN-US":"PercentageCustomersAffectedMobEN","ES-ES":"PercentageCustomersAffectedMobES"}}},"etrGroupingCondition":"latest-etr-all","startingHierarchy":"name","endingHierarchy":"name","totals":{"showTotalCustomersAffected":true,"showTotalCustomersServed":true,"totalLabels":{"totalCustomersAffected":{"EN-US":"TotalCustAffectedEN","ES-ES":"TotalCustAffectedES"},"totalCustomersServed":{"EN-US":"TotalCustomersServedEN","ES-ES":"TotalCustomersServedES"}}},"customersAffectedMaskingEnabled":true,"customersAffectedMaskingValue":5,"customersAffectedPercentageMaskingEnabled":true,"customersAffectedPercentageMaskingValue":2.0,"type":"zip"},"2d4fb27d-65b7-4b14-8429-28d25f2c3fc3":{"name":"Zip","regions":[],"mergeMultiRegions":false,"reportButtonLabels":{"EN-US":"","ES-ES":""},"reportTitleLabels":{},"reportDescriptions":{"EN-US":"","ES-ES":""},"reportFields":{"customersServed":false,"customersAffected":false,"percentageCustomersAffected":false,"etr":false,"hierarchyFields":{}},"reportBehavior":{"areaNameFilter":false,"initialLoadSortByField":"name","initialLoadExpandFullTree":false,"mobileDisplayAreasWithNoOutages":false},"reportFieldLabels":{"etr":{"order":"4","desktop-text":{"EN-US":"","ES-ES":""},"mobile-text":{"EN-US":"","ES-ES":""}},"name":{"order":"0","desktop-text":{"EN-US":"","ES-ES":""},"mobile-text":{"EN-US":"","ES-ES":""}},"customersServed":{"order":"1","desktop-text":{"EN-US":"","ES-ES":""},"mobile-text":{"EN-US":"","ES-ES":""}},"customersAffected":{"order":"2","desktop-text":{"EN-US":"","ES-ES":""},"mobile-text":{"EN-US":"","ES-ES":""}},"percentageCustomersAffected":{"order":"3","desktop-text":{"EN-US":"","ES-ES":""},"mobile-text":{"EN-US":"","ES-ES":""}}},"etrGroupingCondition":"latest-etr-all","startingHierarchy":"","endingHierarchy":"","totals":{"showTotalCustomersAffected":false,"showTotalCustomersServed":false,"totalLabels":{"totalCustomersAffected":{"EN-US":"","ES-ES":""},"totalCustomersServed":{"EN-US":"","ES-ES":""}}},"customersAffectedMaskingEnabled":false,"customersAffectedMaskingValue":0,"customersAffectedPercentageMaskingEnabled":false,"customersAffectedPercentageMaskingValue":0.0,"type":"zip"},"646118df-49a1-4b49-a97a-e312a1df968b":{"name":"Dev County Report","regions":[],"mergeMultiRegions":false,"reportButtonLabels":{"EN-US":"","ES-ES":""},"reportTitleLabels":{},"reportDescriptions":{"EN-US":"","ES-ES":""},"reportFields":{"customersServed":false,"customersAffected":false,"percentageCustomersAffected":false,"etr":false,"hierarchyFields":{}},"reportBehavior":{"areaNameFilter":false,"initialLoadSortByField":"name","initialLoadExpandFullTree":false,"mobileDisplayAreasWithNoOutages":false},"reportFieldLabels":{"etr":{"order":"4","desktop-text":{"EN-US":"","ES-ES":""},"mobile-text":{"EN-US":"","ES-ES":""}},"name":{"order":"0","desktop-text":{"EN-US":"","ES-ES":""},"mobile-text":{"EN-US":"","ES-ES":""}},"customersServed":{"order":"1","desktop-text":{"EN-US":"","ES-ES":""},"mobile-text":{"EN-US":"","ES-ES":""}},"customersAffected":{"order":"2","desktop-text":{"EN-US":"","ES-ES":""},"mobile-text":{"EN-US":"","ES-ES":""}},"percentageCustomersAffected":{"order":"3","desktop-text":{"EN-US":"","ES-ES":""},"mobile-text":{"EN-US":"","ES-ES":""}}},"etrGroupingCondition":"latest-etr-all","startingHierarchy":"","endingHierarchy":"","totals":{"showTotalCustomersAffected":false,"showTotalCustomersServed":false,"totalLabels":{"totalCustomersAffected":{"EN-US":"","ES-ES":""},"totalCustomersServed":{"EN-US":"","ES-ES":""}}},"customersAffectedMaskingEnabled":false,"customersAffectedMaskingValue":0,"customersAffectedPercentageMaskingEnabled":false,"customersAffectedPercentageMaskingValue":0.0,"type":"county"},"ce8f2dbd-54b7-46d6-8016-69647673038d":{"name":"Dev Zip Report","regions":[],"mergeMultiRegions":false,"reportButtonLabels":{"EN-US":"","ES-ES":""},"reportTitleLabels":{},"reportDescriptions":{"EN-US":"","ES-ES":""},"reportFields":{"customersServed":false,"customersAffected":false,"percentageCustomersAffected":false,"etr":false,"hierarchyFields":{}},"reportBehavior":{"areaNameFilter":false,"initialLoadSortByField":"name","initialLoadExpandFullTree":false,"mobileDisplayAreasWithNoOutages":false},"reportFieldLabels":{"etr":{"order":"4","desktop-text":{"EN-US":"","ES-ES":""},"mobile-text":{"EN-US":"","ES-ES":""}},"name":{"order":"0","desktop-text":{"EN-US":"","ES-ES":""},"mobile-text":{"EN-US":"","ES-ES":""}},"customersServed":{"order":"1","desktop-text":{"EN-US":"","ES-ES":""},"mobile-text":{"EN-US":"","ES-ES":""}},"customersAffected":{"order":"2","desktop-text":{"EN-US":"","ES-ES":""},"mobile-text":{"EN-US":"","ES-ES":""}},"percentageCustomersAffected":{"order":"3","desktop-text":{"EN-US":"","ES-ES":""},"mobile-text":{"EN-US":"","ES-ES":""}}},"etrGroupingCondition":"latest-etr-all","startingHierarchy":"","endingHierarchy":"","totals":{"showTotalCustomersAffected":false,"showTotalCustomersServed":false,"totalLabels":{"totalCustomersAffected":{"EN-US":"","ES-ES":""},"totalCustomersServed":{"EN-US":"","ES-ES":""}}},"customersAffectedMaskingEnabled":false,"customersAffectedMaskingValue":0,"customersAffectedPercentageMaskingEnabled":false,"customersAffectedPercentageMaskingValue":0.0,"type":"zip"},"f575db75-cc30-4e2e-8fa1-ec012395d1f2":{"name":"01-CountyDefaultReport","regions":["d8dc1083-9882-407f-9930-f62324f8dd1e"],"mergeMultiRegions":true,"reportButtonLabels":{"EN-US":"CountyReportEN","ES-ES":"CountyReportES"},"reportTitleLabels":{},"reportDescriptions":{"EN-US":"<p>ReportDescriptionEN</p>","ES-ES":"<p>ReportDescriptionES</p>"},"reportFields":{"customersServed":true,"customersAffected":true,"percentageCustomersAffected":true,"etr":true,"hierarchyFields":{"state":true}},"reportBehavior":{"areaNameFilter":true,"initialLoadSortByField":"name","initialLoadExpandFullTree":true,"mobileDisplayAreasWithNoOutages":true},"reportFieldLabels":{"etr":{"order":"4","desktop-text":{"EN-US":"ETRDeskEN","ES-ES":"ETRDeskES"},"mobile-text":{"EN-US":"ETRMobEN","ES-ES":"ETRMobES"}},"name":{"order":"0","desktop-text":{"EN-US":"NameDeskEN","ES-ES":"NameDeskES"},"mobile-text":{"EN-US":"NameMobEN","ES-ES":"NameMobES"}},"state":{"order":"5","desktop-text":{"EN-US":"StateDeskEN","ES-ES":"StateDeskES"},"mobile-text":{"EN-US":"StateMobEN","ES-ES":"StateMobES"}},"customersServed":{"order":"1","desktop-text":{"EN-US":"CustomersServedDeskEN","ES-ES":"CustomersServedDeskES"},"mobile-text":{"EN-US":"CustomersServedMobEN","ES-ES":"CustomersServedMobES"}},"customersAffected":{"order":"2","desktop-text":{"EN-US":"CustomersAffectedDeskEN","ES-ES":"CustomersAffectedDeskES"},"mobile-text":{"EN-US":"CustomersAffectedMobEN","ES-ES":"CustomersAffectedMobES"}},"percentageCustomersAffected":{"order":"3","desktop-text":{"EN-US":"PercentageCustomersAffectedDeskEN","ES-ES":"PercentageCustomersAffectedDeskES"},"mobile-text":{"EN-US":"PercentageCustomersAffectedMobEN","ES-ES":"PercentageCustomersAffectedMobES"}}},"etrGroupingCondition":"latest-etr-all","startingHierarchy":"state","endingHierarchy":"name","totals":{"showTotalCustomersAffected":true,"showTotalCustomersServed":true,"totalLabels":{"totalCustomersAffected":{"EN-US":"TotalCustAffectedEN","ES-ES":"TotalCustAffectedES"},"totalCustomersServed":{"EN-US":"TotalCustomersServedEN","ES-ES":"TotalCustomersServedES"}}},"customersAffectedMaskingEnabled":true,"customersAffectedMaskingValue":5,"customersAffectedPercentageMaskingEnabled":true,"customersAffectedPercentageMaskingValue":2.0,"type":"county"}},"designs":{"a714720d-a6b9-4be3-91a8-8bf97b73c947":{"name":"01-TestDesignBlue","styles":{"header":{"background-color":"#42A5F5","font-color":"#263238","panel-button-background-color-highlight":"#CFD8DC","button-background-color":"#99CCFF","button-font-color":"#263238","social-media-icon-color":"#99CCFF"},"alert-banner":{"background-color":"#FF9800","font-color":"#263238"},"info-box":{"title-background-color":"#42A5F5","title-font-color":"#263238","body-background-color":"#42A5F5","body-font-color":"#263238","body-mainfield-background-color":"#42A5F5","body-mainfield-font-color":"#263238","footer-buttons-background-color":"#99CCFF","footer-buttons-font-color":"#263238"},"menu-panel":{"background-color":"#42A5F5","font-color":"#263238","total-outages-background-color":"#42A5F5","total-outages-font-color":"#263238","total-label-background-color":"#42A5F5","total-label-font-color":"#263238","customers-totals-background-color":"#42A5F5","customers-totals-font-color":"#263238","map-update-background-color":"#7C7B87","map-update-font-color":"#fff","tab-background-color":"#42A5F5","tab-font-color":"#263238","tab-content-background-color":"#42A5F5","tab-content-font-color":"#263238","summary-link-background-color":"#42A5F5","summary-link-font-color":"#263238","custom-buttons-holder-background-color":"#42A5F5","button-background-color":"#99CCFF","button-font-color":"#263238","social-media-icon-color":"#99CCFF"},"alerts-panel":{"header-background-color":"#42A5F5","header-button-background-color":"#99CCFF","header-button-font-color":"#263238","panel-holder-font-color":"#263238"},"reports-panel":{"header-background-color":"#42A5F5","header-font-color":"#263238","header-button-background-color":"#99CCFF","header-button-font-color":"#263238","panel-holder-font-color":"#6C6B77","total-customers-affected-background-color":"#fff","total-customers-affected-font-color":"#686868","total-customers-affected-border-color":"#a3a8a9","total-customers-served-background-color":"#fff","total-customers-served-font-color":"#686868","total-customers-served-border-color":"#a3a8a9","table-row-odd-background-color":"#fff","table-row-odd-font-color":"#686868","table-row-even-background-color":"#dddfe3","table-row-even-font-color":"#686868","table-column-header-background-color-name":"#EBEEF0","table-column-header-font-color-name":"#000","table-column-header-background-color-state":"#CBCED0","table-column-header-font-color-state":"#000","table-column-header-background-color-customers-affected":"#00A8E1","table-column-header-font-color-customers-affected":"#fff","table-column-header-background-color-customers-served":"#66CBED","table-column-header-font-color-customers-served":"#fff","table-column-header-background-color-etr":"#EBEEF0","table-column-header-font-color-etr":"#000","table-column-header-background-color-percent-customers-affected":"#7C7B87","table-column-header-font-color-percent-customers-affected":"#fff","table-column-data-link-name":"#1800FF","footer-background-color":"#ececec","footer-button-font-color":"#526375"}},"layouts":{"showHeaderText":true,"headerCustomButtons":["0f401974-4ea8-4a44-a0b3-d586574405be","7ddf1156-1495-4d8e-b780-1c19a9a09451"],"headerSocialMediaButtons":["982d7ef4-03ff-439a-9e8b-cd226a17d27a","16d24b1e-c67f-459a-8055-914adb910045","42e7952a-a3b1-4e52-baac-adb33658d518"],"headerMainButtons":["b4e74c96-42c8-4264-b168-003c31ac5400"],"toolsMenuButtons":["22f98486-65c0-46c0-bbf0-766aa9431bec"],"headerLogo":{"image":"http://kubra.com/wp-content/uploads/2016/09/kubra_headerlogo-300x60.png","url":{"EN-US":"http://kubra.com/","ES-ES":"http://kubra.com/category/blog"},"urlTarget":"_blank"},"reportsPaneHeaderLogo":{"image":"http://kubra.com/wp-content/uploads/2016/09/kubra_headerlogo-300x60.png","url":{"EN-US":"http://kubra.com/","ES-ES":"http://kubra.com/category/blog"},"urlTarget":"_blank"},"alertsPaneHeaderLogo":{"image":"http://kubra.com/wp-content/uploads/2016/09/kubra_headerlogo-300x60.png","url":{"EN-US":"http://kubra.com/","ES-ES":"http://kubra.com/category/blog"},"urlTarget":"_blank"}}}},"customButtons":{"0f401974-4ea8-4a44-a0b3-d586574405be":{"name":"ButtonOutage","type":"HEADER_CUSTOM","url":{"EN-US":"http://dev.ifactorenergy.com/report.html","ES-ES":"http://dev.ifactorenergy.com/report.html"},"urlTarget":"_blank","icon":"","desktop-text":{"EN-US":"ReportOutageDeskEN","ES-ES":"ReportOutageDeskES"},"mobile-text":{}},"16d24b1e-c67f-459a-8055-914adb910045":{"name":"HeaderTwitter","type":"SOCIAL","url":{"EN-US":"https://twitter.com/","ES-ES":"https://twitter.com/?lang=es"},"urlTarget":"_blank","icon":"twitter","desktop-text":{},"mobile-text":{}},"19213535-c0e2-4046-ba80-43e8b62f822f":{"name":"InfoBoxParent","type":"INFOBOX","url":{"EN-US":"http://kubra.com/","ES-ES":"http://kubra.com/"},"urlTarget":"_parent","icon":"","desktop-text":{"EN-US":"InfoBoxDeskParentEN","ES-ES":"InfoBoxDeskParentES"},"mobile-text":{"EN-US":"InfoBoxMobParentEN","ES-ES":"InfoBoxMobParentES"}},"22f98486-65c0-46c0-bbf0-766aa9431bec":{"name":"HeaderTools","type":"TOOLS","url":{"EN-US":"http://kubra.com/","ES-ES":"http://kubra.com/about-us/"},"urlTarget":"_parent","icon":"wrench","desktop-text":{"EN-US":"ToolsDeskEN","ES-ES":"ToolsDeskES"},"mobile-text":{}},"42e7952a-a3b1-4e52-baac-adb33658d518":{"name":"HeaderYouTube","type":"SOCIAL","url":{"EN-US":"https://YouTube.com/","ES-ES":"https://YouTube.com/"},"urlTarget":"_blank","icon":"youtube","desktop-text":{},"mobile-text":{}},"47ad24b8-0335-4267-88ee-5b6efae385c3":{"name":"InfoBoxBlank","type":"INFOBOX","url":{"EN-US":"http://kubra.com/","ES-ES":"http://kubra.com/"},"urlTarget":"_blank","icon":"","desktop-text":{"EN-US":"InfoBoxDeskBlankEN","ES-ES":"InfoBoxDeskBlankES"},"mobile-text":{"EN-US":"InfoBoxMobBlankEN","ES-ES":"InfoBoxMobBlankES"}},"4bbce83e-119f-4469-934e-9c59f02edc61":{"name":"HeaderCustomBtn","type":"HEADER_CUSTOM","url":{"EN-US":"http://s3.amazonaws.com/mapping-test.outagemaps.com/stormcenter/releases/core/4.7.1/resources/ifactor/files/Map_Help.pdf","ES-ES":"http://s3.amazonaws.com/mapping-test.outagemaps.com/stormcenter/releases/core/4.7.1/resources/ifactor/files/Map_Help.pdf"},"urlTarget":"_blank","icon":"","desktop-text":{"EN-US":"HelpDeskEN","ES-ES":"HelpDeskES"},"mobile-text":{}},"7ddf1156-1495-4d8e-b780-1c19a9a09451":{"name":"ButtonStatus","type":"HEADER_CUSTOM","url":{"EN-US":"http://dev.ifactorenergy.com/report.html","ES-ES":"http://dev.ifactorenergy.com/report.html"},"urlTarget":"_blank","icon":"","desktop-text":{"EN-US":"CheckStatusDeskEN","ES-ES":"CheckStatusDeskES"},"mobile-text":{}},"982d7ef4-03ff-439a-9e8b-cd226a17d27a":{"name":"HeaderFacebook","type":"SOCIAL","url":{"EN-US":"https://www.facebook.com/","ES-ES":"https://es-la.facebook.com/spanish.language/"},"urlTarget":"_blank","icon":"facebook","desktop-text":{},"mobile-text":{}},"b1a179d7-bbde-471b-8f00-a1589bb4f2d2":{"name":"Help","type":"TOOLS","url":{"EN-US":"http://s3.amazonaws.com/mapping-test.outagemaps.com/stormcenter/releases/core/4.7.1/resources/ifactor/files/Map_Help.pdf","ES-ES":"http://s3.amazonaws.com/mapping-test.outagemaps.com/stormcenter/releases/core/4.7.1/resources/ifactor/files/Map_Help.pdf"},"urlTarget":"_blank","icon":"question-mark","desktop-text":{"EN-US":"Help","ES-ES":"Help"},"mobile-text":{}},"b4e74c96-42c8-4264-b168-003c31ac5400":{"name":"HeaderMainBtn","type":"HEADER_MAIN","url":{"EN-US":"http://s3.amazonaws.com/mapping-test.outagemaps.com/stormcenter/releases/core/4.7.1/resources/ifactor/files/Map_Help.pdf","ES-ES":"http://s3.amazonaws.com/mapping-test.outagemaps.com/stormcenter/releases/core/4.7.1/resources/ifactor/files/Map_Help.pdf"},"urlTarget":"_blank","icon":"question-mark","desktop-text":{"EN-US":"HelpEN","ES-ES":"HelpES"},"mobile-text":{}}},"mappings":{"52fb6d70-8662-466e-90f7-8441b575c1dc":{"name":"01-TestMap","labels":{"01-TestCode":{"EN-US":"01-CodeEN","ES-ES":"01-CodeES"}}}},"labelings":{"129a3660-0605-4143-a26b-5e4bc0a104ad":{"name":"01-TestLabeling","etrLabels":{"ETR-NULL":{"EN-US":"EvaluatingOutageNullEN","ES-ES":"EvaluatingOutageNullES"},"ETR-EXP":{"EN-US":"Re-evaluatingOutageExpEN","ES-ES":"Re-evaluatingOutageExpES"}}}}}