{
  "outages": [
    {
      "id": "O-SECO01",
      "outageConfirmed": true,
      "crewStatus": "ONSITE",
      "crewIconIndicator": true,
      "cause": "Branch On Line",
      "comments": "Some Comment",
      "etr": null,
      "etrType": null,
      "startedAt": "2017-04-02T17:27:06.974Z",
      "restoredAt": null,
      "updatedAt": "2017-04-05T17:27:06.974Z",
      "affectedDeliveryNodes": [
        {
          "dnId": "SECO01"
        }
      ]
    },
	    {
      "id": "O-SECO05",
      "outageConfirmed": true,
      "crewStatus": "ONSITE",
      "crewIconIndicator": true,
      "cause": "Branch On Line",
      "comments": "Some Comment",
      "etr": null,
      "etrType": null,
      "startedAt": "2017-04-02T17:27:06.974Z",
      "restoredAt": null,
      "updatedAt": "2017-04-05T17:27:06.974Z",
      "affectedDeliveryNodes": [
        {
          "dnId": "SECO05"
        }
      ]
    },
    {"id": "O-PHX01",  "outageConfirmed": true, "crewStatus": "ENROUTE", "crewIconIndicator": true, "cause":"Branch On Line", "comments": null, "etr": null, "etrType":null, "startedAt": "2017-04-02T17:27:06.974Z", "restoredAt": null, "updatedAt": "2017-04-05T17:27:06.974Z", "affectedDeliveryNodes": [ {"dnId": "PHX01", "articleNumber": "12345", "confidence": "HIGH", "callbackContact": "16235479403", "reported": false}]},
    {"id": "O-PHX02",  "outageConfirmed": true, "crewStatus": null, "crewIconIndicator": true, "cause":"Life Happens", "comments": "Traffic has been re-routed due to life happening.", "etr": "2017-04-06T19:27:06.974Z", "etrType":"LOW", "startedAt": "2017-04-02T17:27:06.974Z", "restoredAt": null, "updatedAt": "2017-04-05T17:27:06.974Z", "affectedDeliveryNodes": [ {"dnId": "PHX01"},{"dnId": "PHX02"},{"dnId": "TUCSON01"},{"dnId": "OUTTHEM"}]},
    {"id": "O-PHX04",  "outageConfirmed": true, "crewStatus": null, "crewIconIndicator": true, "cause":"Branch On Line", "comments": null, "etr": "2017-04-06T12:20:06.974Z", "etrType":"HIGH", "startedAt": "2017-04-02T17:27:06.974Z", "restoredAt": null, "updatedAt": "2017-04-05T17:27:06.974Z", "affectedDeliveryNodes": [ {"dnId": "OUTTHEM"}]},
    {"id": "O-SCOTT01",  "outageConfirmed": true, "crewStatus": null, "crewIconIndicator": true, "cause":"Harsha On Line", "comments": null, "etr": null, "etrType":null, "startedAt": "2017-04-02T17:27:06.974Z", "restoredAt": null, "updatedAt": "2017-04-05T17:27:06.974Z", "affectedDeliveryNodes": [ {"dnId": "SCOTTS01"}]},
    {"id": "O-SCOTT02",  "outageConfirmed": true, "crewStatus": null, "crewIconIndicator": true, "cause":"Branch On Line", "comments": null, "etr": "2017-04-06T19:27:06.974Z", "etrType":"HIGH", "startedAt": "2017-04-02T17:27:06.974Z", "restoredAt": null, "updatedAt": "2017-04-05T17:27:06.974Z", "affectedDeliveryNodes": [ {"dnId": "SCOTTS02"},{"dnId": "SCOTTS03"}]},
    {"id": "O-SANC01",  "outageConfirmed": true, "crewStatus": "DISPATCHED", "crewIconIndicator": true, "cause":"Eric was too cool", "comments": "Please use alternative routes until we can contain Eric's coolness.", "etr": null, "etrType":null, "startedAt": "2017-04-02T17:27:06.974Z", "restoredAt": null, "updatedAt": "2017-04-05T17:27:06.974Z", "affectedDeliveryNodes": [ {"dnId": "SANC001"}]},
    {"id": "O-SANC02",  "outageConfirmed": true, "crewStatus": null, "crewIconIndicator": true, "cause":"Turtle On Line", "comments": null, "etr": "2017-04-06T19:27:06.974Z", "etrType":"HIGH", "startedAt": "2017-04-02T17:27:06.974Z", "restoredAt": null, "updatedAt": "2017-04-05T17:27:06.974Z", "affectedDeliveryNodes": [ {"dnId": "SANC002"}]},
    {"id": "O-SANC03",  "outageConfirmed": true, "crewStatus": "ONSITE", "crewIconIndicator": true, "cause":"Panda On Line", "comments": null, "etr": "2017-04-06T19:27:06.974Z", "etrType":"HIGH", "startedAt": "2017-04-02T17:27:06.974Z", "restoredAt": null, "updatedAt": "2017-04-05T17:27:06.974Z", "affectedDeliveryNodes": [ {"dnId": "SANC002"}, {"dnId": "OUTOPCO"}]},
    {"id": "O-SANC04",  "outageConfirmed": true, "crewStatus": null, "crewIconIndicator": true, "cause":"Dumbledore On Line", "comments": null, "etr": "2017-04-06T19:27:06.974Z", "etrType":"HIGH", "startedAt": "2017-04-02T17:27:06.974Z", "restoredAt": null, "updatedAt": "2017-04-05T17:27:06.974Z", "affectedDeliveryNodes": [ {"dnId": "OUTOPCO"}]},
    {"id": "O-TUCSON01",  "outageConfirmed": true, "crewStatus": null, "crewIconIndicator": true, "cause":"Jeremy On Line", "comments": null, "etr": null, "etrType":null, "startedAt": "2017-04-02T17:27:06.974Z", "restoredAt": null, "updatedAt": "2017-04-05T17:27:06.974Z", "affectedDeliveryNodes": [ {"dnId": "TUCSON01"}]},
    {"id": "O-TUCSON02",  "outageConfirmed": true, "crewStatus": null, "crewIconIndicator": true, "cause":"Squirrel On Line", "comments": null, "etr": "2017-04-06T19:27:06.974Z", "etrType":"HIGH", "startedAt": "2017-04-02T17:27:06.974Z", "restoredAt": null, "updatedAt": "2017-04-05T17:27:06.974Z", "affectedDeliveryNodes": [ {"dnId": "TUCSON01"},{"dnId": "PHX01"}]}

  ]
}
