{
    "outages": [
{
    "id": "O-9603257401",
    "outageConfirmed": true,
    "crewStatus": null,
    "crewIconIndicator": false,
    "cause": "Branch On Line",
    "etr": "2025-04-06T12:20:06.974Z",
    "etrType": "HIGH",
    "startedAt": "2017-04-02T17:27:06.974Z",
    "restoredAt": null,
    "updatedAt": "2017-04-05T17:27:06.974Z",
    "affectedDeliveryNodes": [
        {
            "dnId": "9603257401"
        }
    ]
},
{
    "id": "O-1589624018",
    "outageConfirmed": true,
    "crewStatus": "Assigned, Dispatched",
    "crewIconIndicator": false,
    "cause": "Storm Damage",
    "etr": "2025-04-06T12:20:06.974Z",
    "etrType": "HIGH",
    "startedAt": "2017-04-02T17:27:06.974Z",
    "restoredAt": null,
    "updatedAt": "2017-04-05T17:27:06.974Z",
    "affectedDeliveryNodes": [
        {
            "dnId": "1589624018"
        }
    ]
},
{
    "id": "O-1011723801",
    "outageConfirmed": true,
    "crewStatus": "Arrived",
    "crewIconIndicator": false,
    "cause": "Branch On Line",
    "etr": "2025-04-06T12:20:06.974Z",
    "etrType": "HIGH",
    "startedAt": "2017-04-02T17:27:06.974Z",
    "restoredAt": null,
    "updatedAt": "2017-04-05T17:27:06.974Z",
    "affectedDeliveryNodes": [
        {
            "dnId": "1011723801"
        }
    ]
},
{
    "id": "O-8012472501",
    "outageConfirmed": true,
    "crewStatus": "ENROUTE",
    "crewIconIndicator": false,
    "cause": "Lightning Damage",
    "etr": "2025-04-06T12:20:06.974Z",
    "etrType": "LOW",
    "startedAt": "2017-04-02T17:27:06.974Z",
    "restoredAt": null,
    "updatedAt": "2017-04-05T17:27:06.974Z",
    "affectedDeliveryNodes": [
        {
            "dnId": "8012472501"
        }
    ]
},
{
    "id": "O-5144560011",
    "outageConfirmed": true,
    "crewStatus": "Arrived",
    "crewIconIndicator": true,
    "cause": "Light Equipment Failure",
    "etr": "2025-04-06T12:20:06.974Z",
    "etrType": "LOW",
    "startedAt": "2017-04-02T17:27:06.974Z",
    "restoredAt": null,
    "updatedAt": "2017-04-05T17:27:06.974Z",
    "affectedDeliveryNodes": [
        {
            "dnId": "5144560011"
        }
    ]
},
{
    "id": "189800",
    "outageConfirmed": true,
    "crewStatus": "EN ROUTE",
    "crewIconIndicator": false,
    "cause": "Hardware Failure/Upgrade",
    "etr": "2025-04-06T12:20:06.974Z",
    "etrType": "LOW",
    "startedAt": "2017-04-02T17:27:06.974Z",
    "restoredAt": null,
    "updatedAt": "2017-04-05T17:27:06.974Z",
    "affectedDeliveryNodes": [
        {
            "dnId": "7456907523"
        }
    ]
},
{
    "id": "189068",
    "outageConfirmed": true,
    "crewStatus": "Assigned, Dispatched",
    "crewIconIndicator": false,
    "cause": "Hardware Failure/Upgrade",
    "etr": "2025-04-06T12:20:06.974Z",
    "etrType": "LOW",
    "startedAt": "2017-04-02T17:27:06.974Z",
    "restoredAt": null,
    "updatedAt": "2017-04-05T17:27:06.974Z",
    "affectedDeliveryNodes": [
        {
            "dnId": "7010509201"
        }
    ]
}
]
}