{
	"version": "V1",
	"version": "V1",
	"critical": true,
	"name": "SECO-Don",
	"sources": {
		"outageFeed": "4911de85-26c1-4b24-abf0-81d047d0585f",
		"deliveryNodeFeed": "3403afb4-d229-4c61-91ca-01981545288e",
		"selectedRegions": {
			"7d1c8ec7-6c25-4ea1-bed6-529a24fe2717": {
				"selectedRegionThematics": {
					"zip": {
						"regionThematic": "731f0f9e-5352-4324-8b89-2ccab8dd6f16",
						"filterDeliveryNodes": true,
						"hierarchy": []
					},
					"county": {
						"regionThematic": "d8398e7d-885a-4052-af57-5d8370713168",
						"filterDeliveryNodes": true,
						"hierarchy": []
					}
				}
			}
		}
	},
	"views": {
		"357682d5-c82f-4e3f-87d6-9ba1f5941d34": {
			"globalUUID": "e862c871-d110-46ac-9a69-a6c5219a135c",
			"url": "dev.kubra.io/views/e862c871-d110-46ac-9a69-a6c5219a135c",
			"name": "Auto-switching",
			"general": {
				"defaultLanguage": "EN-US",
				"utility": "QAPowerCompany",
				"country": "US",
				"timeZone": "et",
				"gaTrackingCodes": ["UA-50035820-1"],
				"pageTitle": {
					"EN-US": "SECO Energy",
					"ES-ES": "PageTitleES"
				},
				"favicon": "http://secoenergy.com/wp-content/uploads/2015/12/SECO_Energy_Favicon.png"
			},
			"map": {
				"minZoom": 8,
				"maxZoom": 16,
				"startZoom": 9,
				"startCoord": {
					"type": "Point",
					"coordinates": [28.7724,
					-81.8646],
					"bbox": [27.9822,
					-83.2324,
					29.6379,
					-80.3704]
				},
				"allowedMapTypes": ["h",
				"r",
				"s"],
				"defaultBaseLayer": "r",
				"mapApi": "googlemaps",
				"mapApiCredentials": "client=gme-ifactorconsulting1"
			},
			"dataLayers": ["cluster-1",
			"thematic-2",
			"thematic-3"],
			"reports": ["167831e0-758a-4776-a904-efc25b410e51",
			"8cc4f316-f391-44cf-b224-3e9e08fb5320"],
			"summary": "summary-1",
			"labeling": "d746c966-3891-46c5-95fc-17bfb920bb6a",
			"visibility": {
				"choiceVisibility": {
					"ff37c103-8477-40b0-a633-0c0366b57648": {
						"name": "01-SeparateWithSwitching",
						"options": {
							"4e0949a7-70e0-40b8-abc4-8125a107b162": {
								"name": null,
								"order": "2",
								"layers": [],
								"minimumZoom": 5,
								"maximumZoom": 12,
								"checkZoomOut": true,
								"checkZoomIn": true,
								"disableEtrOverride": false,
								"disableCustomersAffectedOverride": false,
								"label": {
									"EN-US": "View By Area",
									"ES-ES": "ViewByAreaES"
								},
								"subControls": {
									"f23c66a1-b260-422a-80f1-2954d2e25a46": {
										"name": "CountyLayer",
										"minimumZoom": 5,
										"maximumZoom": 10,
										"layers": ["thematic-3"]
									},
									"f32bd43e-c2a5-45ff-82dd-755048437589": {
										"name": "ZipLayer",
										"minimumZoom": 11,
										"maximumZoom": 18,
										"layers": ["thematic-2"]
									}
								}
							},
							"a0f05101-3fde-4a03-9161-69e9661a4c41": {
								"name": null,
								"order": "1",
								"layers": ["cluster-1"],
								"minimumZoom": 13,
								"maximumZoom": 18,
								"checkZoomOut": true,
								"checkZoomIn": true,
								"disableEtrOverride": false,
								"disableCustomersAffectedOverride": false,
								"label": {
									"EN-US": "View By Location",
									"ES-ES": "ViewByLocationES"
								},
								"subControls": {
									
								}
							}
						},
						"legend": {
							"showLegendInMap": true
						},
						"defaultInNormal": "a0f05101-3fde-4a03-9161-69e9661a4c41",
						"defaultInStorm": "4e0949a7-70e0-40b8-abc4-8125a107b162"
					}
				},
				"toggleVisibility": {
					
				}
			},
			"serviceTerritory": "a41a58e1-bcef-4bcf-b064-5eda90472928",
			"design": "b548dac6-648b-40c4-8205-4c950c386de9",
			"customLayers": {
				"enableCustomLayers": true,
				"defaultShow": true
			},
			"weather": {
				"enableWeather": true,
				"defaultShow": true
			},
			"customersMasking": {
				"customersAffectedMaskingVerbiage": {
					"EN-US": "Fewer than: "
				},
				"customersAffectedPercentageMaskingVerbiage": {
					"EN-US": "< "
				}
			}
		},
		"3671a31a-92ae-41f7-bc74-8ae34c07dd29": {
			"globalUUID": "ebe80018-8758-4056-a6b4-3aa952ea9b83",
			"url": "dev.kubra.io/views/ebe80018-8758-4056-a6b4-3aa952ea9b83",
			"name": "Locations - No Zoom",
			"general": {
				"defaultLanguage": "EN-US",
				"utility": "QAPowerCompany",
				"country": "US",
				"timeZone": "et",
				"gaTrackingCodes": ["UA-50035820-1"],
				"pageTitle": {
					"EN-US": "SECO Energy",
					"ES-ES": "PageTitleES"
				},
				"favicon": "http://secoenergy.com/wp-content/uploads/2015/12/SECO_Energy_Favicon.png"
			},
			"map": {
				"minZoom": 8,
				"maxZoom": 16,
				"startZoom": 9,
				"startCoord": {
					"type": "Point",
					"coordinates": [28.8242,
					-81.8646],
					"bbox": [0.0,
					-83.2324,
					29.6379,
					-80.3704]
				},
				"allowedMapTypes": ["h",
				"r",
				"s"],
				"defaultBaseLayer": "r",
				"mapApi": "googlemaps",
				"mapApiCredentials": "client=gme-ifactorconsulting1"
			},
			"dataLayers": ["cluster-1",
			"thematic-2",
			"thematic-3"],
			"reports": ["167831e0-758a-4776-a904-efc25b410e51",
			"8cc4f316-f391-44cf-b224-3e9e08fb5320"],
			"summary": "summary-1",
			"labeling": "d746c966-3891-46c5-95fc-17bfb920bb6a",
			"visibility": {
				"choiceVisibility": {
					"90841a2b-7476-4d61-a03a-571f43434f76": {
						"name": "02-NoCheckZoom",
						"options": {
							"012b3495-0a51-4a96-b569-864a8e3fc6b6": {
								"name": null,
								"order": "3",
								"layers": ["thematic-2"],
								"minimumZoom": 8,
								"maximumZoom": 17,
								"checkZoomOut": false,
								"checkZoomIn": false,
								"disableEtrOverride": false,
								"disableCustomersAffectedOverride": false,
								"label": {
									"EN-US": "Zip Code"
								},
								"subControls": {
									
								}
							},
							"37e9091e-4a5f-4d52-9a2b-a9655666ccab": {
								"name": null,
								"order": "2",
								"layers": ["thematic-3"],
								"minimumZoom": 8,
								"maximumZoom": 17,
								"checkZoomOut": false,
								"checkZoomIn": false,
								"disableEtrOverride": false,
								"disableCustomersAffectedOverride": false,
								"label": {
									"EN-US": "County"
								},
								"subControls": {
									
								}
							},
							"ca60df30-76ea-4b82-8a19-730274d41352": {
								"name": null,
								"order": "1",
								"layers": ["cluster-1"],
								"minimumZoom": 13,
								"maximumZoom": 18,
								"checkZoomOut": false,
								"checkZoomIn": false,
								"disableEtrOverride": false,
								"disableCustomersAffectedOverride": false,
								"label": {
									"EN-US": "Locations",
									"ES-ES": "ViewByLocationNoZoomES"
								},
								"subControls": {
									
								}
							}
						},
						"legend": {
							"showLegendInMap": true
						},
						"defaultInNormal": "ca60df30-76ea-4b82-8a19-730274d41352",
						"defaultInStorm": "330e1958-cd76-4df6-8aaa-653f3ea4abba"
					}
				},
				"toggleVisibility": {
					
				}
			},
			"serviceTerritory": "a41a58e1-bcef-4bcf-b064-5eda90472928",
			"design": "b548dac6-648b-40c4-8205-4c950c386de9",
			"customLayers": {
				"enableCustomLayers": true,
				"defaultShow": true
			},
			"weather": {
				"enableWeather": true,
				"defaultShow": true
			},
			"customersMasking": {
				"customersAffectedMaskingVerbiage": {
					"EN-US": "Fewer than: "
				},
				"customersAffectedPercentageMaskingVerbiage": {
					"EN-US": "< "
				}
			}
		}
	},
	"dataLayers": {
		"cluster-1": {
			"type": "CLUSTER",
			"name": "Locations",
			"title": {
				"EN-US": "Outage Summary",
				"ES-ES": "CLUSTERLAYERES"
			},
			"layerFieldLabels": {
				"etr": {
					"order": "1",
					"desktop-text": {
						"EN-US": "Estimated Restoration Time",
						"ES-ES": "ETRDesktopClusterES"
					},
					"mobile-text": {
						"EN-US": "Estimated Restoration Time",
						"ES-ES": "ETRMobileClusterES"
					}
				},
				"cause": {
					"order": "8",
					"desktop-text": {
						"EN-US": "Cause",
						"ES-ES": "CauseDesktopClusterES"
					},
					"mobile-text": {
						"EN-US": "Cause",
						"ES-ES": "CauseMobileClusterES"
					}
				},
				"etrType": {
					"order": "4",
					"desktop-text": {
						"EN-US": "ETRTypeDesktopClusterEN",
						"ES-ES": "ETRTypeDesktopClusterES"
					},
					"mobile-text": {
						"EN-US": "ETRTypeMobileClusterEN",
						"ES-ES": "ETRTypeMobileClusterES"
					}
				},
				"comments": {
					"order": "8",
					"desktop-text": {
						"EN-US": "CommentsDesktopClusterEN",
						"ES-ES": "CommentsDesktopClusterES"
					},
					"mobile-text": {
						"EN-US": "CommentsMobileClusterEN",
						"ES-ES": "CommentsMobileClusterES"
					}
				},
				"startTime": {
					"order": "9",
					"desktop-text": {
						"EN-US": "Start Time",
						"ES-ES": "StartTimeDesktopClusterES"
					},
					"mobile-text": {
						"EN-US": "Start Time",
						"ES-ES": "StartTimeMobileClusterES"
					}
				},
				"crewStatus": {
					"order": "7",
					"desktop-text": {
						"EN-US": "Crew Status",
						"ES-ES": "CrewStatusDesktopClusterES"
					},
					"mobile-text": {
						"EN-US": "Crew Status",
						"ES-ES": "CrewStatusMobileClusterES"
					}
				},
				"incidentId": {
					"order": "6",
					"desktop-text": {
						"EN-US": "Outage ID",
						"ES-ES": "IncidentIDDesktopClusterES"
					},
					"mobile-text": {
						"EN-US": "Outage ID",
						"ES-ES": "IncidentIDMobileClusterES"
					}
				},
				"etrConfidence": {
					"order": "5",
					"desktop-text": {
						"EN-US": "ETRConfidenceDesktopClusterEN",
						"ES-ES": "ETRConfidenceDesktopClusterES"
					},
					"mobile-text": {
						"EN-US": "ETRConfidenceMobileClusterEN",
						"ES-ES": "ETRConfidenceMobileClusterES"
					}
				},
				"numberOfOutages": {
					"order": "2",
					"desktop-text": {
						"EN-US": "Number of Outages",
						"ES-ES": "OutageDesktopClusterES"
					},
					"mobile-text": {
						"EN-US": "Number of Outages",
						"ES-ES": "OutageMobileClusterES"
					}
				},
				"customersAffected": {
					"order": "3",
					"desktop-text": {
						"EN-US": "Members Affected",
						"ES-ES": "AffectedDesktopClusterES"
					},
					"mobile-text": {
						"EN-US": "Members Affected",
						"ES-ES": "AffectedMobileClusterES"
					}
				}
			},
			"etrGroupingCondition": "latest-etr-any",
			"ranges": [{
				"start": 100,
				"end": 499,
				"style": "outages-orange-diamond"
			},
			{
				"start": 11,
				"end": 99,
				"style": "outages-blue-circle"
			},
			{
				"start": 1,
				"end": 10,
				"style": "outages-green-triangle"
			},
			{
				"start": 500,
				"end": 2500,
				"style": "outages-purple-square"
			},
			{
				"start": 2501,
				"end": null,
				"style": "outages-red-star"
			}],
			"methodForRange": "custAffNumOut",
			"legendLabel": {
				"mobile-text": {
					"EN-US": "View Outages",
					"ES-ES": "LegendLabelClusterMobileES"
				},
				"desktop-text": {
					"EN-US": "View Outages",
					"ES-ES": "LegendLabelClusterDesktopES"
				}
			},
			"customersAffectedMaskingEnabled": false,
			"customersAffectedMaskingValue": 5,
			"customersAffectedPercentageMaskingEnabled": false,
			"customersAffectedPercentageMaskingValue": 0.0,
			"regions": ["f079e1a7-f51a-4311-895d-47809d53ef37"],
			"individualInfoBoxFields": {
				"incidentId": true,
				"etr": true,
				"customersAffected": true,
				"crewStatus": true,
				"comments": false,
				"cause": true,
				"startTime": true,
				"etrType": false,
				"etrConfidence": false
			},
			"clusterInfoBoxFields": {
				"etr": false,
				"numberOfOutages": true,
				"customersAffected": true,
				"etrType": false,
				"etrConfidence": false
			},
			"clusterLayerBehavior": {
				"enableCrewIconIndicator": true,
				"disablePolygons": false,
				"maxZoomToCluster": 16,
				"startZoomToPaginateOutage": 16,
				"clusterTolerance": 30
			},
			"titleCluster": {
				"EN-US": "Outage Summary",
				"ES-ES": "LAYERTITLEFORCLUSTERSES"
			},
			"infoboxExtraText": {
				"EN-US": "",
				"ES-ES": "ExtraInfoBoxTextES"
			},
			"clusteredInfoboxExtraText": {
				"EN-US": "Note: Add text \"Zoom in on clustered icon to find individual outages. Click on individual outage to see details.\" to body of cluster info panel.",
				"ES-ES": "ClusterExtraInfoBoxTextES"
			},
			"paginatedInfoboxExtraText": {
				"EN-US": "",
				"ES-ES": "PaginatedInfoBoxTextES"
			},
			"mappings": {
				"cause": "a8eb83e0-209b-4d98-a673-cb437518dd10",
				"crewStatus": "46e9f0d6-02be-4e19-b0cc-3cb2fa507e96"
			}
		},
		"thematic-2": {
			"type": "THEMATIC",
			"name": "Zip",
			"title": {
				"EN-US": "$name$",
				"ES-ES": "THEMATICZIPLAYERES"
			},
			"layerFieldLabels": {
				"etr": {
					"order": "1",
					"desktop-text": {
						"EN-US": "Estimated Restoration Time",
						"ES-ES": "ETRDesktopZipES"
					},
					"mobile-text": {
						"EN-US": "Estimated Restoration Time",
						"ES-ES": "ETRMobileZipES"
					}
				},
				"customersServed": {
					"order": "4",
					"desktop-text": {
						"EN-US": "Customers Served",
						"ES-ES": "ServedDesktopZipES"
					},
					"mobile-text": {
						"EN-US": "Customers Served",
						"ES-ES": "ServedMobileZipES"
					}
				},
				"numberOfOutages": {
					"order": "2",
					"desktop-text": {
						"EN-US": "Number of Outages",
						"ES-ES": "OutageDesktopZipES"
					},
					"mobile-text": {
						"EN-US": "Number of Outages",
						"ES-ES": "OutageMobileZipES"
					}
				},
				"customersAffected": {
					"order": "3",
					"desktop-text": {
						"EN-US": "Customers Affected",
						"ES-ES": "AffectedDesktopZipES"
					},
					"mobile-text": {
						"EN-US": "Customers Affected",
						"ES-ES": "AffectedMobileZipES"
					}
				},
				"percentageCustomersAffected": {
					"order": "5",
					"desktop-text": {
						"EN-US": "Percent of Customers Affected",
						"ES-ES": "PercentAffectedDesktopZipES"
					},
					"mobile-text": {
						"EN-US": "Percent of Customers Affected",
						"ES-ES": "PercentAffectedMobileZipES"
					}
				}
			},
			"etrGroupingCondition": "latest-etr-any",
			"ranges": [{
				"start": 51,
				"end": null,
				"style": "thematic-red"
			},
			{
				"start": 31,
				"end": 50,
				"style": "thematic-purple"
			},
			{
				"start": 21,
				"end": 30,
				"style": "thematic-orange"
			},
			{
				"start": 0,
				"end": 10,
				"style": "thematic-green"
			},
			{
				"start": 11,
				"end": 20,
				"style": "thematic-blue"
			}],
			"methodForRange": "percentCustAff",
			"legendLabel": {
				"mobile-text": {
					"EN-US": "Zip",
					"ES-ES": "LegendLabelZipMobileES"
				},
				"desktop-text": {
					"EN-US": "Zip",
					"ES-ES": "LegendLabelZipDesktopES"
				}
			},
			"customersAffectedMaskingEnabled": false,
			"customersAffectedMaskingValue": 5,
			"customersAffectedPercentageMaskingEnabled": false,
			"customersAffectedPercentageMaskingValue": 2.0,
			"regions": ["f079e1a7-f51a-4311-895d-47809d53ef37"],
			"areaType": "zip",
			"thematicInfoBoxFields": {
				"etr": false,
				"numberOfOutages": true,
				"customersAffected": true,
				"customersServed": true,
				"percentageCustomersAffected": true,
				"hierarchyFields": {
					
				}
			},
			"infoboxExtraText": {
				"EN-US": "",
				"ES-ES": "ExtraInfoBoxTextES"
			}
		},
		"thematic-3": {
			"type": "THEMATIC",
			"name": "County",
			"title": {
				"EN-US": "$name$",
				"ES-ES": "$hierarchy.state$"
			},
			"layerFieldLabels": {
				"etr": {
					"order": "1",
					"desktop-text": {
						"EN-US": "Estimated Restoration Time",
						"ES-ES": "ETRDesktopCtyES"
					},
					"mobile-text": {
						"EN-US": "Estimated Restoration Time",
						"ES-ES": "ETRMobileCtyES"
					}
				},
				"customersServed": {
					"order": "3",
					"desktop-text": {
						"EN-US": "Members Served",
						"ES-ES": "ServedDesktopCtyES"
					},
					"mobile-text": {
						"EN-US": "Members Served",
						"ES-ES": "ServedMobileCtyES"
					}
				},
				"numberOfOutages": {
					"order": "1",
					"desktop-text": {
						"EN-US": "Number of Outages",
						"ES-ES": "OutageDesktopCtyES"
					},
					"mobile-text": {
						"EN-US": "Number of Outages",
						"ES-ES": "OutageMobileCtyES"
					}
				},
				"customersAffected": {
					"order": "2",
					"desktop-text": {
						"EN-US": "Members Affected",
						"ES-ES": "AffectedDesktopCtyES"
					},
					"mobile-text": {
						"EN-US": "Members Affected",
						"ES-ES": "AffectedMobileCtyES"
					}
				},
				"percentageCustomersAffected": {
					"order": "4",
					"desktop-text": {
						"EN-US": "Percent of Members Affected",
						"ES-ES": "PercentAffectedDesktopCtyES"
					},
					"mobile-text": {
						"EN-US": "Percent of Members Affected",
						"ES-ES": "PercentAffectedMobileCtyES"
					}
				}
			},
			"etrGroupingCondition": "latest-etr-any",
			"ranges": [{
				"start": 51,
				"end": null,
				"style": "thematic-red"
			},
			{
				"start": 31,
				"end": 50,
				"style": "thematic-purple"
			},
			{
				"start": 21,
				"end": 30,
				"style": "thematic-orange"
			},
			{
				"start": 0,
				"end": 10,
				"style": "thematic-green"
			},
			{
				"start": 11,
				"end": 20,
				"style": "thematic-blue"
			}],
			"methodForRange": "percentCustAff",
			"legendLabel": {
				"mobile-text": {
					"EN-US": "County",
					"ES-ES": "LegendLabelCtyMobileES"
				},
				"desktop-text": {
					"EN-US": "County",
					"ES-ES": "LegendLabelCtyDesktopES"
				}
			},
			"customersAffectedMaskingEnabled": false,
			"customersAffectedMaskingValue": 5,
			"customersAffectedPercentageMaskingEnabled": false,
			"customersAffectedPercentageMaskingValue": 2.0,
			"regions": ["f079e1a7-f51a-4311-895d-47809d53ef37"],
			"areaType": "county",
			"thematicInfoBoxFields": {
				"etr": false,
				"numberOfOutages": true,
				"customersAffected": true,
				"customersServed": true,
				"percentageCustomersAffected": true,
				"hierarchyFields": {
					
				}
			},
			"infoboxExtraText": {
				"EN-US": "",
				"ES-ES": "ExtraInfoBoxTextES"
			}
		}
	},
	"summaries": {
		"summary-1": {
			"name": " SECO Summary",
			"regions": ["f079e1a7-f51a-4311-895d-47809d53ef37"],
			"summaryInfoBoxFields": {
				"activeOutages": true,
				"totalCustomersAffected": true,
				"totalCustomersServed": true,
				"lastUpdated": false,
				"updateWording": false
			},
			"fieldLabels": {
				"merged": {
					"total_cust_a": {
						"EN-US": "Total Members Affected",
						"ES-ES": "TotalCustomersAffectedES"
					},
					"total_cust_s": {
						"EN-US": "Total Members Served",
						"ES-ES": "TotalCustomersServedES"
					},
					"total_outages": {
						"EN-US": "Active Outages",
						"ES-ES": "ActiveOutagesES"
					}
				}
			},
			"sharedFieldLabels": {
				"lastUpdated": {
					"EN-US": "Last Updated",
					"ES-ES": "LastUpdatedES"
				},
				"updateWording": {
					"EN-US": "Update",
					"ES-ES": "UpdateWordingES"
				}
			},
			"mergeMultiRegions": true,
			"showSummaryLabels": true,
			"summaryLabels": {
				"merged": {
					"EN-US": "Outage Summary",
					"ES-ES": "SummaryES"
				}
			},
			"customersAffectedMaskingEnabled": true,
			"customersAffectedMaskingValue": 5,
			"customersAffectedPercentageMaskingEnabled": false,
			"customersAffectedPercentageMaskingValue": 0.0,
			"disableTotalOutagesEtrOverride": false,
			"disableTotalOutagesCustomersAffectedOverride": false
		}
	},
	"availableLanguages": ["EN-US"],
	"serviceTerritories": {
		"a41a58e1-bcef-4bcf-b064-5eda90472928": {
			"name": "SECO-ServiceTerritory",
			"regions": ["f079e1a7-f51a-4311-895d-47809d53ef37"],
			"mergeMultiRegions": false,
			"serviceTerritoryLabels": {
				"f079e1a7-f51a-4311-895d-47809d53ef37": {
					"EN-US": "SECO-ServiceTerritory"
				}
			},
			"styles": {
				"f079e1a7-f51a-4311-895d-47809d53ef37": {
					"color": "blue",
					"fillOpacity": 0.05,
					"toggleable": true,
					"defaultToggleOn": true,
					"legendInMap": true
				}
			}
		}
	},
	"reports": {
		"167831e0-758a-4776-a904-efc25b410e51": {
			"name": "County Report",
			"regions": ["f079e1a7-f51a-4311-895d-47809d53ef37"],
			"mergeMultiRegions": true,
			"reportButtonLabels": {
				"EN-US": "County Report",
				"ES-ES": "CountyReportES"
			},
			"reportTitleLabels": {
				"EN-US": "County Report"
			},
			"reportDescriptions": {
				"EN-US": "This screen provides a summary of outage information for each County served.",
				"ES-ES": "<p>ReportDescriptionES</p>"
			},
			"reportFields": {
				"customersServed": true,
				"customersAffected": true,
				"percentageCustomersAffected": true,
				"etr": false,
				"hierarchyFields": {
					
				}
			},
			"reportBehavior": {
				"areaNameFilter": true,
				"initialLoadSortByField": "name",
				"initialLoadExpandFullTree": false,
				"mobileDisplayAreasWithNoOutages": false
			},
			"reportFieldLabels": {
				"etr": {
					"order": "4",
					"desktop-text": {
						"EN-US": "ETR",
						"ES-ES": ""
					},
					"mobile-text": {
						"EN-US": "ETR",
						"ES-ES": ""
					}
				},
				"name": {
					"order": "0",
					"desktop-text": {
						"EN-US": "County / ZIP Code",
						"ES-ES": ""
					},
					"mobile-text": {
						"EN-US": "County / ZIP Code",
						"ES-ES": ""
					}
				},
				"state": {
					"order": "5",
					"desktop-text": {
						"EN-US": "State",
						"ES-ES": ""
					},
					"mobile-text": {
						"EN-US": "State",
						"ES-ES": ""
					}
				},
				"customersServed": {
					"order": "1",
					"desktop-text": {
						"EN-US": "Members Served",
						"ES-ES": ""
					},
					"mobile-text": {
						"EN-US": "Members Served",
						"ES-ES": ""
					}
				},
				"customersAffected": {
					"order": "2",
					"desktop-text": {
						"EN-US": "Members Affected",
						"ES-ES": ""
					},
					"mobile-text": {
						"EN-US": "Members Affected",
						"ES-ES": ""
					}
				},
				"percentageCustomersAffected": {
					"order": "3",
					"desktop-text": {
						"EN-US": "Percentage Members Affected",
						"ES-ES": ""
					},
					"mobile-text": {
						"EN-US": "% of Members Affected",
						"ES-ES": ""
					}
				}
			},
			"etrGroupingCondition": "latest-etr-all",
			"startingHierarchy": "name",
			"endingHierarchy": "name",
			"totals": {
				"showTotalCustomersAffected": true,
				"showTotalCustomersServed": true,
				"totalLabels": {
					"totalCustomersAffected": {
						"EN-US": "Total Members Affected",
						"ES-ES": "TotalCustAffectedES"
					},
					"totalCustomersServed": {
						"EN-US": "Total Members Served",
						"ES-ES": "TotalCustServedES"
					}
				}
			},
			"customersAffectedMaskingEnabled": false,
			"customersAffectedMaskingValue": 5,
			"customersAffectedPercentageMaskingEnabled": false,
			"customersAffectedPercentageMaskingValue": 2.0,
			"type": "county"
		},
		"8cc4f316-f391-44cf-b224-3e9e08fb5320": {
			"name": "Zip Report",
			"regions": ["f079e1a7-f51a-4311-895d-47809d53ef37"],
			"mergeMultiRegions": true,
			"reportButtonLabels": {
				"EN-US": "Zip Code Report",
				"ES-ES": "ZipReportES"
			},
			"reportTitleLabels": {
				"EN-US": "Zip Code Report"
			},
			"reportDescriptions": {
				"EN-US": "<p>This screen provides a summary of outage information for each ZIP Code served.</p>",
				"ES-ES": "<p>ReportDescriptionES</p>"
			},
			"reportFields": {
				"customersServed": true,
				"customersAffected": true,
				"percentageCustomersAffected": true,
				"etr": false,
				"hierarchyFields": {
					
				}
			},
			"reportBehavior": {
				"areaNameFilter": true,
				"initialLoadSortByField": "name",
				"initialLoadExpandFullTree": false,
				"mobileDisplayAreasWithNoOutages": false
			},
			"reportFieldLabels": {
				"etr": {
					"order": "4",
					"desktop-text": {
						"EN-US": "ETR",
						"ES-ES": ""
					},
					"mobile-text": {
						"EN-US": "ETR",
						"ES-ES": ""
					}
				},
				"name": {
					"order": "0",
					"desktop-text": {
						"EN-US": "Area Name",
						"ES-ES": ""
					},
					"mobile-text": {
						"EN-US": "Area Name",
						"ES-ES": ""
					}
				},
				"customersServed": {
					"order": "1",
					"desktop-text": {
						"EN-US": "Members Served",
						"ES-ES": ""
					},
					"mobile-text": {
						"EN-US": "Members Served",
						"ES-ES": ""
					}
				},
				"customersAffected": {
					"order": "2",
					"desktop-text": {
						"EN-US": "Members Affected",
						"ES-ES": ""
					},
					"mobile-text": {
						"EN-US": "Members Affected",
						"ES-ES": ""
					}
				},
				"percentageCustomersAffected": {
					"order": "3",
					"desktop-text": {
						"EN-US": "Percentage Members Affected",
						"ES-ES": ""
					},
					"mobile-text": {
						"EN-US": "% of Members Affected",
						"ES-ES": ""
					}
				}
			},
			"etrGroupingCondition": "latest-etr-all",
			"startingHierarchy": "name",
			"endingHierarchy": "name",
			"totals": {
				"showTotalCustomersAffected": true,
				"showTotalCustomersServed": true,
				"totalLabels": {
					"totalCustomersAffected": {
						"EN-US": "Total Members Affected",
						"ES-ES": "TotalCustAffectedES"
					},
					"totalCustomersServed": {
						"EN-US": "Total Members Served",
						"ES-ES": "TotalCustServedES"
					}
				}
			},
			"customersAffectedMaskingEnabled": false,
			"customersAffectedMaskingValue": 5,
			"customersAffectedPercentageMaskingEnabled": false,
			"customersAffectedPercentageMaskingValue": 2.0,
			"type": "zip"
		}
	},
	"designs": {
		"b548dac6-648b-40c4-8205-4c950c386de9": {
			"name": "Default Design",
			"styles": {
				"header": {
					"background-color": "#EBEEF0",
					"font-color": "#454545",
					"panel-button-background-color-highlight": "#1179BF",
					"button-background-color": "#F7941D",
					"button-font-color": "#FFFFFF",
					"social-media-icon-color": "#1179BF"
				},
				"alert-banner": {
					"background-color": "#D64A37",
					"font-color": "#FFFFFF"
				},
				"info-box": {
					"title-background-color": "#1179BF",
					"title-font-color": "#FFFFFF",
					"body-background-color": "#E3EAF0",
					"body-font-color": "#6A7783",
					"body-mainfield-background-color": "#E0E0E0",
					"body-mainfield-font-color": "#454545",
					"footer-buttons-background-color": "#F7941D",
					"footer-buttons-font-color": "#FFFFFF"
				},
				"menu-panel": {
					"background-color": "#1179BF",
					"font-color": "#FFFFFF",
					"total-outages-background-color": "#1179BF",
					"total-outages-font-color": "#FFFFFF",
					"total-label-background-color": "#6C6B77",
					"total-label-font-color": "#FFFFFF",
					"customers-totals-background-color": "#8CBEE0",
					"customers-totals-font-color": "#FFFFFF",
					"other-totals-background-color": "#7C7B87",
					"other-totals-font-color": "#fff",
					"tab-background-color": "#727272",
					"tab-font-color": "#FFFFFF",
					"tab-content-background-color": "#FFFFFF",
					"tab-content-font-color": "#000000",
					"summary-link-background-color": "#FFFFFF",
					"summary-link-font-color": "#4633FF",
					"custom-buttons-holder-background-color": "#FFFFFF",
					"button-background-color": "#F7941D",
					"button-font-color": "#FFFFFF",
					"social-media-icon-color": "#1179BF"
				},
				"alerts-panel": {
					"header-background-color": "#FFFFFF",
					"header-button-background-color": "#F7941D",
					"header-button-font-color": "#FFFFFF",
					"panel-holder-font-color": "#686868"
				},
				"reports-panel": {
					"header-background-color": "#FFFFFF",
					"header-font-color": "#263238",
					"header-button-background-color": "#F7941D",
					"header-button-font-color": "#FFFFFF",
					"panel-holder-font-color": "#6C6B77",
					"total-customers-affected-background-color": "#1179BF",
					"total-customers-affected-font-color": "#FFFFFF",
					"total-customers-affected-border-color": "#686868",
					"total-customers-served-background-color": "#F7941D",
					"total-customers-served-font-color": "#FFFFFF",
					"total-customers-served-border-color": "#686868",
					"table-row-odd-background-color": "#FFFFFF",
					"table-row-odd-font-color": "#686868",
					"table-row-even-background-color": "#DDDFE3",
					"table-row-even-font-color": "#686868",
					"table-column-header-background-color-name": "#EBEEF0",
					"table-column-header-font-color-name": "#000000",
					"table-column-header-background-color-state": "#CBCED0",
					"table-column-header-font-color-state": "#000000",
					"table-column-header-background-color-customers-affected": "#1179BF",
					"table-column-header-font-color-customers-affected": "#FFFFFF",
					"table-column-header-background-color-customers-served": "#F7941D",
					"table-column-header-font-color-customers-served": "#FFFFFF",
					"table-column-header-background-color-etr": "#EBEEF0",
					"table-column-header-font-color-etr": "#000000",
					"table-column-header-background-color-percent-customers-affected": "#7C7B87",
					"table-column-header-font-color-percent-customers-affected": "#FFFFFF",
					"table-column-data-link-name": "#000000",
					"footer-background-color": "#ECECEC",
					"footer-button-font-color": "#526375"
				}
			},
			"layouts": {
				"showHeaderText": true,
				"headerCustomButtons": ["08927574-ba4c-4b1a-a1de-8706734bc5d9",
				"1b817e7d-b3bb-4ffa-9cb9-74c74f4ed2e3"],
				"headerSocialMediaButtons": ["3e0fcf5f-1164-4d87-836b-e6cf4a6721a8",
				"438a48a6-993e-4120-950e-e42a483c3cc1",
				"4f334b70-6029-44d2-87a9-f0aeee05ea53"],
				"headerMainButtons": ["c4c3381f-d3d0-44d3-99c8-f1f6828dd8a4"],
				"toolsMenuButtons": ["67926586-0260-45e1-820a-8244e7231472"],
				"headerLogo": {
					"image": "http://secoenergy.com/wp-content/uploads/2018/01/logo-254x30.png",
					"url": {
						"EN-US": "https://www.secoenergy.com/"
					},
					"urlTarget": "_blank"
				},
				"reportsPaneHeaderLogo": {
					"image": "http://secoenergy.com/wp-content/uploads/2018/01/logo-254x30.png",
					"url": {
						"EN-US": "https://www.secoenergy.com/"
					},
					"urlTarget": "_blank"
				},
				"alertsPaneHeaderLogo": {
					"image": "http://secoenergy.com/wp-content/uploads/2018/01/logo-254x30.png",
					"url": {
						"EN-US": "https://www.secoenergy.com/"
					},
					"urlTarget": "_blank"
				}
			}
		}
	},
	"customButtons": {
		"08927574-ba4c-4b1a-a1de-8706734bc5d9": {
			"name": "ButtonOutage",
			"type": "HEADER_CUSTOM",
			"url": {
				"EN-US": "http://dev.ifactorenergy.com/report.html",
				"ES-ES": "http://dev.ifactorenergy.com/report.html"
			},
			"urlTarget": "_blank",
			"icon": "",
			"desktop-text": {
				"EN-US": "Report Outage",
				"ES-ES": "ReportOutageDeskES"
			},
			"mobile-text": {
				
			}
		},
		"1b817e7d-b3bb-4ffa-9cb9-74c74f4ed2e3": {
			"name": "ButtonStatus",
			"type": "HEADER_CUSTOM",
			"url": {
				"EN-US": "http://dev.ifactorenergy.com/report.html",
				"ES-ES": "http://dev.ifactorenergy.com/report.html"
			},
			"urlTarget": "_blank",
			"icon": "",
			"desktop-text": {
				"EN-US": "Check Status",
				"ES-ES": "CheckStatusDeskES"
			},
			"mobile-text": {
				
			}
		},
		"3e0fcf5f-1164-4d87-836b-e6cf4a6721a8": {
			"name": "Facebook",
			"type": "SOCIAL",
			"url": {
				"EN-US": "https://www.facebook.com/secoenergy",
				"ES-ES": "https://es-la.facebook.com/spanish.language/"
			},
			"urlTarget": "_blank",
			"icon": "social-facebook",
			"desktop-text": {
				
			},
			"mobile-text": {
				
			}
		},
		"438a48a6-993e-4120-950e-e42a483c3cc1": {
			"name": "Twitter",
			"type": "SOCIAL",
			"url": {
				"EN-US": "https://twitter.com/SECOenergy",
				"ES-ES": "https://twitter.com/?lang=es"
			},
			"urlTarget": "_blank",
			"icon": "social-twitter",
			"desktop-text": {
				
			},
			"mobile-text": {
				
			}
		},
		"4f334b70-6029-44d2-87a9-f0aeee05ea53": {
			"name": "Instagram",
			"type": "SOCIAL",
			"url": {
				"EN-US": "https://www.instagram.com/secoenergy/",
				"ES-ES": "https://YouTube.com/"
			},
			"urlTarget": "_blank",
			"icon": "social-instagram",
			"desktop-text": {
				
			},
			"mobile-text": {
				
			}
		},
		"67926586-0260-45e1-820a-8244e7231472": {
			"name": "Tool Panel",
			"type": "TOOLS",
			"url": {
				"EN-US": "",
				"ES-ES": "http://kubra.com/about-us/"
			},
			"urlTarget": "_parent",
			"icon": "bell",
			"desktop-text": {
				"EN-US": "Manage Notifications",
				"ES-ES": "ToolsDeskES"
			},
			"mobile-text": {
				
			}
		},
		"c4c3381f-d3d0-44d3-99c8-f1f6828dd8a4": {
			"name": "Contact Us",
			"type": "HEADER_MAIN",
			"url": {
				"EN-US": "http://secoenergy.com/contact/",
				"ES-ES": "http://s3.amazonaws.com/mapping-test.outagemaps.com/stormcenter/releases/core/4.7.1/resources/ifactor/files/Map_Help.pdf"
			},
			"urlTarget": "_blank",
			"icon": "comment-square",
			"desktop-text": {
				"EN-US": "Contact Us",
				"ES-ES": "HelpES"
			},
			"mobile-text": {
				
			}
		}
	},
	"mappings": {
		"46e9f0d6-02be-4e19-b0cc-3cb2fa507e96": {
			"name": "SECO Crew Status",
			"labels": {
				"Null": {
					"EN-US": "Pending",
					"ES-ES": "JeremyOnLineES"
				},
				"Arrived": {
					"EN-US": "On-Site"
				},
				"Assigned": {
					"EN-US": "Assigned"
				},
				"En Route": {
					"EN-US": "En Route"
				},
				"Dispatched": {
					"EN-US": "Dispatched"
				}
			}
		},
		"a8eb83e0-209b-4d98-a673-cb437518dd10": {
			"name": "SECO Cause",
			"labels": {
				"Storm Damage": {
					"EN-US": "Storm Damage"
				},
				"Branch On Line": {
					"EN-US": "Branch On Line"
				},
				"Lightning Damage": {
					"EN-US": "Lightning Damage"
				},
				"Light Equipment Failure": {
					"EN-US": "Light Equipment Failure"
				}
			}
		}
	},
	"labelings": {
		"d746c966-3891-46c5-95fc-17bfb920bb6a": {
			"name": "Seco Labeling",
			"etrLabels": {
				"ETR-NULL": {
					"EN-US": "Assessing",
					"ES-ES": "OutageNullES"
				},
				"ETR-EXP": {
					"EN-US": "Assessing",
					"ES-ES": "OutageExpiredES"
				}
			}
		}
	}
}