{"version":"V1","version":"V1","priorityQueue":false,"name":"test","sources":{"outageFeed":"d05db951-33f8-4d5d-849a-21df26813f1f","deliveryNodeFeed":"47d1975f-7b39-4693-b692-24e8d4d3cb93","selectedRegions":{"5bc9f117-41e7-468a-9272-b9bbbf7d85e7":{"selectedRegionThematics":{"zip":{"regionThematic":"3674d36c-ebf6-4f5b-b97c-9b0ddd8fab8f","filterDeliveryNodes":true,"hierarchy":[]},"Senate":{"regionThematic":"a0d20fc3-9a2c-41fa-9f91-6d1ed83353a1","filterDeliveryNodes":false,"hierarchy":[]},"county":{"regionThematic":"d4b471f7-6590-4f62-86dd-663177a0169a","filterDeliveryNodes":true,"hierarchy":[]},"Trustee ":{"regionThematic":"6edffbdf-ca09-4766-b197-ee0c5ccc339c","filterDeliveryNodes":false,"hierarchy":[]},"Operational":{"regionThematic":"1def4cab-1b88-4176-b3f0-efcb478a19ec","filterDeliveryNodes":false,"hierarchy":[]},"Congressional":{"regionThematic":"2d4aae34-b6c3-45ef-bbc0-5e63cd255cf1","filterDeliveryNodes":false,"hierarchy":[]}}}}},"views":{"9b4d003b-b226-428a-9c94-acc0ec249993":{"globalUUID":"23095ed5-afb4-4c2b-9b16-db3bf1086cfe","url":"kubra.io/stormcenter/views/23095ed5-afb4-4c2b-9b16-db3bf1086cfe","name":"Internal Map","general":{"defaultLanguage":"EN-US","utility":"SECO","country":"US","timeZone":"et","gaTrackingCodes":["UA-50035820-1"],"pageTitle":{"EN-US":"Outage Map | SECO Energy"},"favicon":"https://s3.amazonaws.com/swift-static-content/seco/SECO_Energy_Favicon.png"},"map":{"minZoom":8,"maxZoom":17,"startZoom":9,"startCoord":{"type":"Point","coordinates":[28.8242,-81.8179],"bbox":[27.8973102383,-83.7724212178,29.7651997148,-79.9696051249]},"allowedMapTypes":["h","s","r"],"defaultBaseLayer":"r","mapApi":"googlemaps","mapApiCredentials":"client=gme-ifactorconsulting1"},"reportsMap":{"0":"d2ac3541-dd4a-4c72-aa16-589371ba5d79","1":"091444d8-805d-4f66-9684-5d1284e03eb5","2":"2d0bc7f6-2624-4205-948e-a5dce3618df5","3":"039227e7-354c-42c3-bbfd-d1fe5dddfe42","4":"adfcb5ef-e030-4698-af7e-45c8809f39b4","5":"418be3fa-ee2a-4125-8fe1-cb46980616dd"},"summary":"summary-1","labeling":"4a42bcd6-2acc-4831-8a72-d871bb4f0c0a","visibility":{"choiceVisibility":{"01fced44-a180-4f40-bfdc-c6ab12bcbfdf":{"name":"Internal Map Config","options":{"24c1498d-1901-48de-91c2-affd9aacb574":{"name":null,"order":"7","layers":["thematic-6"],"minimumZoom":8,"maximumZoom":17,"checkZoomOut":false,"checkZoomIn":false,"disableEtrOverride":false,"disableCustomersAffectedOverride":false,"label":{"EN-US":"ST LEG"},"subControls":{}},"2581de32-6fba-49d2-a79f-0596cb881f56":{"name":null,"order":"1","layers":["cluster-3"],"minimumZoom":8,"maximumZoom":17,"checkZoomOut":false,"checkZoomIn":false,"disableEtrOverride":false,"disableCustomersAffectedOverride":false,"label":{"EN-US":"Locations"},"subControls":{}},"2b7dc181-f9df-4881-a8e6-bca7c55f8181":{"name":null,"order":"4","layers":["thematic-7"],"minimumZoom":8,"maximumZoom":17,"checkZoomOut":false,"checkZoomIn":false,"disableEtrOverride":false,"disableCustomersAffectedOverride":false,"label":{"EN-US":"Trustee District"},"subControls":{}},"30ad15bd-0574-486d-87d7-168aa61a2696":{"name":null,"order":"5","layers":["thematic-5"],"minimumZoom":8,"maximumZoom":17,"checkZoomOut":false,"checkZoomIn":false,"disableEtrOverride":false,"disableCustomersAffectedOverride":false,"label":{"EN-US":"Operations District"},"subControls":{}},"5f99b6b8-760f-49c1-9c82-8e1ffcf2dbf7":{"name":null,"order":"2","layers":["thematic-1"],"minimumZoom":8,"maximumZoom":17,"checkZoomOut":false,"checkZoomIn":false,"disableEtrOverride":false,"disableCustomersAffectedOverride":false,"label":{"EN-US":"County"},"subControls":{}},"b4da8c73-3773-49d9-91dc-d968c33b07ad":{"name":null,"order":"3","layers":["thematic-2"],"minimumZoom":8,"maximumZoom":17,"checkZoomOut":false,"checkZoomIn":false,"disableEtrOverride":false,"disableCustomersAffectedOverride":false,"label":{"EN-US":"ZIP Code"},"subControls":{}},"bb1ffa7c-5cd8-4e1a-b377-9afee1ce7e35":{"name":null,"order":"6","layers":["thematic-4"],"minimumZoom":8,"maximumZoom":17,"checkZoomOut":false,"checkZoomIn":false,"disableEtrOverride":false,"disableCustomersAffectedOverride":false,"label":{"EN-US":"FD LEG"},"subControls":{}}},"legend":{"showLegendInMap":true},"defaultInNormal":"2581de32-6fba-49d2-a79f-0596cb881f56","defaultInStorm":"5f99b6b8-760f-49c1-9c82-8e1ffcf2dbf7"}},"toggleVisibility":{}},"serviceTerritory":"71bed743-4422-4cfe-b66e-67288d079fcb","design":"133dfc28-1ccc-4019-92e8-648a371d0723","customLayers":{"enableCustomLayers":true,"defaultShow":true},"weather":{"enableWeather":true,"defaultShow":true},"customersMasking":{"customersAffectedMaskingVerbiage":{"EN-US":""},"customersAffectedPercentageMaskingVerbiage":{"EN-US":""}}},"b0d54271-1179-4fa5-9c96-38d92f37ae97":{"globalUUID":"a5180881-ef19-46b8-8ddb-45cd4e0b2996","url":"kubra.io/stormcenter/views/a5180881-ef19-46b8-8ddb-45cd4e0b2996","name":"External Map","general":{"defaultLanguage":"EN-US","utility":"SECO","country":"US","timeZone":"et","gaTrackingCodes":["UA-50035820-1"],"pageTitle":{"EN-US":"Outage Map | SECO Energy"},"favicon":"https://s3.amazonaws.com/swift-static-content/seco/SECO_Energy_Favicon.png"},"map":{"minZoom":8,"maxZoom":17,"startZoom":9,"startCoord":{"type":"Point","coordinates":[28.8242,-81.8179],"bbox":[27.8973102383,-83.7724212178,29.7651997148,-79.9696051249]},"allowedMapTypes":["h","s","r"],"defaultBaseLayer":"r","mapApi":"googlemaps","mapApiCredentials":"client=gme-ifactorconsulting1"},"reportsMap":{"0":"d2ac3541-dd4a-4c72-aa16-589371ba5d79","1":"091444d8-805d-4f66-9684-5d1284e03eb5"},"summary":"summary-1","labeling":"4a42bcd6-2acc-4831-8a72-d871bb4f0c0a","visibility":{"choiceVisibility":{"e9a94dc2-77aa-4fb8-b5cf-ed3d6b2e4d8e":{"name":"External Map Config v2","options":{"20f42b5b-ac6a-456f-9e64-ffb198d2e6f0":{"name":null,"order":"1","layers":["cluster-3"],"minimumZoom":8,"maximumZoom":17,"checkZoomOut":false,"checkZoomIn":false,"disableEtrOverride":false,"disableCustomersAffectedOverride":false,"label":{"EN-US":"Locations"},"subControls":{}},"577c6564-38b6-4be3-b3f6-9f20d5bcc99e":{"name":null,"order":"3","layers":["thematic-2"],"minimumZoom":8,"maximumZoom":17,"checkZoomOut":false,"checkZoomIn":false,"disableEtrOverride":false,"disableCustomersAffectedOverride":false,"label":{"EN-US":"ZIP Code"},"subControls":{}},"d805ef9d-1891-47eb-af7d-5c23b96aae27":{"name":null,"order":"2","layers":["thematic-1"],"minimumZoom":8,"maximumZoom":17,"checkZoomOut":false,"checkZoomIn":false,"disableEtrOverride":false,"disableCustomersAffectedOverride":false,"label":{"EN-US":"County"},"subControls":{}}},"legend":{"showLegendInMap":true},"defaultInNormal":"20f42b5b-ac6a-456f-9e64-ffb198d2e6f0","defaultInStorm":"d805ef9d-1891-47eb-af7d-5c23b96aae27"}},"toggleVisibility":{}},"serviceTerritory":"71bed743-4422-4cfe-b66e-67288d079fcb","design":"133dfc28-1ccc-4019-92e8-648a371d0723","customLayers":{"enableCustomLayers":true,"defaultShow":true},"weather":{"enableWeather":true,"defaultShow":true},"customersMasking":{"customersAffectedMaskingVerbiage":{"EN-US":""},"customersAffectedPercentageMaskingVerbiage":{"EN-US":""}}}},"dataLayers":{"cluster-3":{"type":"CLUSTER","name":"Locations","title":{"EN-US":"Outage Information"},"layerFieldLabels":{"etr":{"order":"1","desktop-text":{"EN-US":"Estimated Time of Restoration"},"mobile-text":{"EN-US":"Estimated Time of Restoration"}},"cause":{"order":"22","desktop-text":{"EN-US":"Cause"},"mobile-text":{"EN-US":"Cause"}},"startTime":{"order":"21","desktop-text":{"EN-US":"Start Time"},"mobile-text":{"EN-US":"Start Time"}},"crewStatus":{"order":"20","desktop-text":{"EN-US":"Crew Status"},"mobile-text":{"EN-US":"Crew Status"}},"incidentId":{"order":"23","desktop-text":{"EN-US":"Outage ID"},"mobile-text":{"EN-US":"Outage ID"}},"numberOfOutages":{"order":"10","desktop-text":{"EN-US":"Number of Outages"},"mobile-text":{"EN-US":"Number of Outages"}},"customersAffected":{"order":"11","desktop-text":{"EN-US":"Number of Members Affected"},"mobile-text":{"EN-US":"Number of Members Affected"}}},"etrGroupingCondition":"latest-etr-any","ranges":[{"start":100,"end":499,"style":"outages-orange-diamond"},{"start":11,"end":99,"style":"outages-blue-circle"},{"start":500,"end":2500,"style":"outages-purple-square"},{"start":1,"end":10,"style":"outages-green-triangle"},{"start":2501,"end":null,"style":"outages-red-star"}],"methodForRange":"custAffNumOut","legendLabel":{"mobile-text":{"EN-US":"Customers Out:"},"desktop-text":{"EN-US":"Number of Customers Out:"}},"customersAffectedMaskingEnabled":false,"customersAffectedMaskingValue":0,"customersAffectedPercentageMaskingEnabled":false,"customersAffectedPercentageMaskingValue":0.0,"footerButtons":[{"order":"1","customButton":"063b200d-c737-4e4a-b161-181118514c16"},{"order":"2","customButton":"57bb3953-5654-4a96-baa5-5316210f745a"},{"order":"3","customButton":"3380541c-2078-42fc-af89-d29bf7d794ec"}],"regions":["5bc9f117-41e7-468a-9272-b9bbbf7d85e7"],"individualInfoBoxFields":{"incidentId":true,"etr":true,"customersAffected":true,"crewStatus":true,"comments":false,"cause":true,"startTime":true,"etrType":false,"etrConfidence":false},"clusterInfoBoxFields":{"etr":false,"numberOfOutages":true,"customersAffected":true,"etrType":false,"etrConfidence":false},"clusterLayerBehavior":{"enableCrewIconIndicator":true,"disablePolygons":false,"maxZoomToCluster":16,"startZoomToPaginateOutage":16,"clusterTolerance":30},"titleCluster":{"EN-US":"Multiple Outages"},"infoboxExtraText":{"EN-US":""},"clusteredInfoboxExtraText":{"EN-US":"Zoom in on clustered icon to find individual outages. Click on individual outage to see details."},"paginatedInfoboxExtraText":{"EN-US":""},"mappings":{"cause":"99808988-95a7-43ee-a7e7-0686c6310f79","crewStatus":"b063263e-1ed1-45dd-b000-5dacf5d3e92f"}},"thematic-1":{"type":"THEMATIC","name":"County","title":{"EN-US":"$name$"},"layerFieldLabels":{"customersServed":{"order":"3","desktop-text":{"EN-US":"Number of Members Served"},"mobile-text":{"EN-US":"Number of Members Served"}},"numberOfOutages":{"order":"1","desktop-text":{"EN-US":"Number of Outages"},"mobile-text":{"EN-US":"Number of Outages"}},"customersAffected":{"order":"2","desktop-text":{"EN-US":"Number of Members Affected"},"mobile-text":{"EN-US":"Number of Members Affected"}},"percentageCustomersAffected":{"order":"4","desktop-text":{"EN-US":"% of Members Affected"},"mobile-text":{"EN-US":"% of Members Affected"}}},"etrGroupingCondition":"latest-etr-any","ranges":[{"start":30,"end":50,"style":"thematic-purple"},{"start":0,"end":10,"style":"thematic-green"},{"start":20,"end":30,"style":"thematic-orange"},{"start":50,"end":100,"style":"thematic-red"},{"start":10,"end":20,"style":"thematic-blue"}],"methodForRange":"percentCustAff","legendLabel":{"mobile-text":{"EN-US":"% Customers Out:"},"desktop-text":{"EN-US":"% Customers Out:"}},"customersAffectedMaskingEnabled":false,"customersAffectedMaskingValue":0,"customersAffectedPercentageMaskingEnabled":true,"customersAffectedPercentageMaskingValue":1.0,"footerButtons":[{"order":"1","customButton":"063b200d-c737-4e4a-b161-181118514c16"},{"order":"2","customButton":"57bb3953-5654-4a96-baa5-5316210f745a"},{"order":"3","customButton":"3380541c-2078-42fc-af89-d29bf7d794ec"}],"regions":["5bc9f117-41e7-468a-9272-b9bbbf7d85e7"],"areaType":"county","thematicInfoBoxFields":{"etr":false,"numberOfOutages":true,"customersAffected":true,"customersServed":true,"percentageCustomersAffected":true,"hierarchyFields":{}}},"thematic-2":{"type":"THEMATIC","name":"ZIP","title":{"EN-US":"$name$"},"layerFieldLabels":{"customersServed":{"order":"3","desktop-text":{"EN-US":"Number of Members Served"},"mobile-text":{"EN-US":"Number of Members Served"}},"numberOfOutages":{"order":"1","desktop-text":{"EN-US":"Number of Outages"},"mobile-text":{"EN-US":"Number of Outages"}},"customersAffected":{"order":"2","desktop-text":{"EN-US":"Number of Members Affected"},"mobile-text":{"EN-US":"Number of Members Affected"}},"percentageCustomersAffected":{"order":"4","desktop-text":{"EN-US":"% of Members Affected"},"mobile-text":{"EN-US":"% of Members Affected"}}},"etrGroupingCondition":"latest-etr-any","ranges":[{"start":30,"end":50,"style":"thematic-purple"},{"start":0,"end":10,"style":"thematic-green"},{"start":20,"end":30,"style":"thematic-orange"},{"start":50,"end":100,"style":"thematic-red"},{"start":10,"end":20,"style":"thematic-blue"}],"methodForRange":"percentCustAff","legendLabel":{"mobile-text":{"EN-US":"% Customers Out:"},"desktop-text":{"EN-US":"% Customers Out:"}},"customersAffectedMaskingEnabled":false,"customersAffectedMaskingValue":0,"customersAffectedPercentageMaskingEnabled":true,"customersAffectedPercentageMaskingValue":1.0,"footerButtons":[{"order":"1","customButton":"063b200d-c737-4e4a-b161-181118514c16"},{"order":"2","customButton":"57bb3953-5654-4a96-baa5-5316210f745a"},{"order":"3","customButton":"3380541c-2078-42fc-af89-d29bf7d794ec"}],"regions":["5bc9f117-41e7-468a-9272-b9bbbf7d85e7"],"areaType":"zip","thematicInfoBoxFields":{"etr":false,"numberOfOutages":true,"customersAffected":true,"customersServed":true,"percentageCustomersAffected":true,"hierarchyFields":{}}},"thematic-4":{"type":"THEMATIC","name":"Congressional District","title":{"EN-US":"$name$"},"layerFieldLabels":{"customersServed":{"order":"3","desktop-text":{"EN-US":"Number of Members Served"},"mobile-text":{"EN-US":"Number of Members Served"}},"numberOfOutages":{"order":"1","desktop-text":{"EN-US":"Number of Outages"},"mobile-text":{"EN-US":"Number of Outages"}},"customersAffected":{"order":"2","desktop-text":{"EN-US":"Number of Members Affected"},"mobile-text":{"EN-US":"Number of Members Affected"}},"percentageCustomersAffected":{"order":"4","desktop-text":{"EN-US":"% of Members Affected"},"mobile-text":{"EN-US":"% of Members Affected"}}},"etrGroupingCondition":"latest-etr-any","ranges":[{"start":30,"end":50,"style":"thematic-purple"},{"start":0,"end":10,"style":"thematic-green"},{"start":20,"end":30,"style":"thematic-orange"},{"start":50,"end":100,"style":"thematic-red"},{"start":10,"end":20,"style":"thematic-blue"}],"methodForRange":"percentCustAff","legendLabel":{"mobile-text":{"EN-US":"% Customers Out:"},"desktop-text":{"EN-US":"% Customers Out:"}},"customersAffectedMaskingEnabled":false,"customersAffectedMaskingValue":0,"customersAffectedPercentageMaskingEnabled":true,"customersAffectedPercentageMaskingValue":1.0,"footerButtons":[{"order":"1","customButton":"063b200d-c737-4e4a-b161-181118514c16"},{"order":"2","customButton":"57bb3953-5654-4a96-baa5-5316210f745a"},{"order":"3","customButton":"3380541c-2078-42fc-af89-d29bf7d794ec"}],"regions":["5bc9f117-41e7-468a-9272-b9bbbf7d85e7"],"areaType":"Congressional","thematicInfoBoxFields":{"etr":false,"numberOfOutages":true,"customersAffected":true,"customersServed":true,"percentageCustomersAffected":true,"hierarchyFields":{}}},"thematic-5":{"type":"THEMATIC","name":"Operations District","title":{"EN-US":"$name$"},"layerFieldLabels":{"customersServed":{"order":"3","desktop-text":{"EN-US":"Number of Members Served"},"mobile-text":{"EN-US":"Number of Members Served"}},"numberOfOutages":{"order":"1","desktop-text":{"EN-US":"Number of Outages"},"mobile-text":{"EN-US":"Number of Outages"}},"customersAffected":{"order":"2","desktop-text":{"EN-US":"Number of Members Affected"},"mobile-text":{"EN-US":"Number of Members Affected"}},"percentageCustomersAffected":{"order":"4","desktop-text":{"EN-US":"% of Members Affected"},"mobile-text":{"EN-US":"% of Members Affected"}}},"etrGroupingCondition":"latest-etr-any","ranges":[{"start":30,"end":50,"style":"thematic-purple"},{"start":0,"end":10,"style":"thematic-green"},{"start":20,"end":30,"style":"thematic-orange"},{"start":50,"end":100,"style":"thematic-red"},{"start":10,"end":20,"style":"thematic-blue"}],"methodForRange":"percentCustAff","legendLabel":{"mobile-text":{"EN-US":"% Customers Out:"},"desktop-text":{"EN-US":"% Customers Out:"}},"customersAffectedMaskingEnabled":false,"customersAffectedMaskingValue":0,"customersAffectedPercentageMaskingEnabled":true,"customersAffectedPercentageMaskingValue":1.0,"footerButtons":[{"order":"1","customButton":"063b200d-c737-4e4a-b161-181118514c16"},{"order":"2","customButton":"57bb3953-5654-4a96-baa5-5316210f745a"},{"order":"3","customButton":"3380541c-2078-42fc-af89-d29bf7d794ec"}],"regions":["5bc9f117-41e7-468a-9272-b9bbbf7d85e7"],"areaType":"Operational","thematicInfoBoxFields":{"etr":false,"numberOfOutages":true,"customersAffected":true,"customersServed":true,"percentageCustomersAffected":true,"hierarchyFields":{}}},"thematic-6":{"type":"THEMATIC","name":"Senate District","title":{"EN-US":"$name$"},"layerFieldLabels":{"customersServed":{"order":"3","desktop-text":{"EN-US":"Number of Members Served"},"mobile-text":{"EN-US":"Number of Members Served"}},"numberOfOutages":{"order":"1","desktop-text":{"EN-US":"Number of Outages"},"mobile-text":{"EN-US":"Number of Outages"}},"customersAffected":{"order":"2","desktop-text":{"EN-US":"Number of Members Affected"},"mobile-text":{"EN-US":"Number of Members Affected"}},"percentageCustomersAffected":{"order":"4","desktop-text":{"EN-US":"% of Members Affected"},"mobile-text":{"EN-US":"% of Members Affected"}}},"etrGroupingCondition":"latest-etr-any","ranges":[{"start":30,"end":50,"style":"thematic-purple"},{"start":0,"end":10,"style":"thematic-green"},{"start":20,"end":30,"style":"thematic-orange"},{"start":50,"end":100,"style":"thematic-red"},{"start":10,"end":20,"style":"thematic-blue"}],"methodForRange":"percentCustAff","legendLabel":{"mobile-text":{"EN-US":"% Customers Out:"},"desktop-text":{"EN-US":"% Customers Out:"}},"customersAffectedMaskingEnabled":false,"customersAffectedMaskingValue":0,"customersAffectedPercentageMaskingEnabled":true,"customersAffectedPercentageMaskingValue":1.0,"footerButtons":[{"order":"1","customButton":"063b200d-c737-4e4a-b161-181118514c16"},{"order":"2","customButton":"57bb3953-5654-4a96-baa5-5316210f745a"},{"order":"3","customButton":"3380541c-2078-42fc-af89-d29bf7d794ec"}],"regions":["5bc9f117-41e7-468a-9272-b9bbbf7d85e7"],"areaType":"Senate","thematicInfoBoxFields":{"etr":false,"numberOfOutages":true,"customersAffected":true,"customersServed":true,"percentageCustomersAffected":true,"hierarchyFields":{}}},"thematic-7":{"type":"THEMATIC","name":"Trustee District","title":{"EN-US":"$name$"},"layerFieldLabels":{"customersServed":{"order":"3","desktop-text":{"EN-US":"Number of Members Served"},"mobile-text":{"EN-US":"Number of Members Served"}},"numberOfOutages":{"order":"1","desktop-text":{"EN-US":"Number of Outages"},"mobile-text":{"EN-US":"Number of Outages"}},"customersAffected":{"order":"2","desktop-text":{"EN-US":"Number of Members Affected"},"mobile-text":{"EN-US":"Number of Members Affected"}},"percentageCustomersAffected":{"order":"4","desktop-text":{"EN-US":"% of Members Affected"},"mobile-text":{"EN-US":"% of Members Affected"}}},"etrGroupingCondition":"latest-etr-any","ranges":[{"start":30,"end":50,"style":"thematic-purple"},{"start":0,"end":10,"style":"thematic-green"},{"start":20,"end":30,"style":"thematic-orange"},{"start":50,"end":100,"style":"thematic-red"},{"start":10,"end":20,"style":"thematic-blue"}],"methodForRange":"percentCustAff","legendLabel":{"mobile-text":{"EN-US":"% Customers Out:"},"desktop-text":{"EN-US":"% Customers Out:"}},"customersAffectedMaskingEnabled":false,"customersAffectedMaskingValue":0,"customersAffectedPercentageMaskingEnabled":true,"customersAffectedPercentageMaskingValue":1.0,"footerButtons":[{"order":"1","customButton":"063b200d-c737-4e4a-b161-181118514c16"},{"order":"2","customButton":"57bb3953-5654-4a96-baa5-5316210f745a"},{"order":"3","customButton":"3380541c-2078-42fc-af89-d29bf7d794ec"}],"regions":["5bc9f117-41e7-468a-9272-b9bbbf7d85e7"],"areaType":"Trustee ","thematicInfoBoxFields":{"etr":false,"numberOfOutages":true,"customersAffected":true,"customersServed":true,"percentageCustomersAffected":true,"hierarchyFields":{}}}},"summaries":{"summary-1":{"name":"Tool Panel Summary","regions":["5bc9f117-41e7-468a-9272-b9bbbf7d85e7"],"summaryInfoBoxFields":{"activeOutages":true,"totalCustomersAffected":true,"totalCustomersServed":true,"lastUpdated":false,"updateWording":false},"fieldLabels":{"merged":{"total_cust_a":{"EN-US":"Total Members Affected"},"total_cust_s":{"EN-US":"Total Members Served"},"total_outages":{"EN-US":"Active Outages"}},"5bc9f117-41e7-468a-9272-b9bbbf7d85e7":{"total_cust_a":{"EN-US":"Total Members Affected"},"total_cust_s":{"EN-US":"Total Members Served"},"total_outages":{"EN-US":"Active Outages"}}},"sharedFieldLabels":{},"mergeMultiRegions":false,"showSummaryLabels":true,"summaryLabels":{"5bc9f117-41e7-468a-9272-b9bbbf7d85e7":{"EN-US":"Outage Summary"}},"customersAffectedMaskingEnabled":false,"customersAffectedMaskingValue":0,"customersAffectedPercentageMaskingEnabled":false,"customersAffectedPercentageMaskingValue":0.0,"disableTotalOutagesEtrOverride":false,"disableTotalOutagesCustomersAffectedOverride":false}},"availableLanguages":["EN-US"],"serviceTerritories":{"71bed743-4422-4cfe-b66e-67288d079fcb":{"name":"SECO - Feb 2018","regions":["5bc9f117-41e7-468a-9272-b9bbbf7d85e7"],"mergeMultiRegions":false,"serviceTerritoryLabels":{"5bc9f117-41e7-468a-9272-b9bbbf7d85e7":{"EN-US":"Service Area"}},"styles":{"5bc9f117-41e7-468a-9272-b9bbbf7d85e7":{"color":"blue","fillOpacity":0.0,"toggleable":true,"defaultToggleOn":true,"legendInMap":true}}}},"reports":{"039227e7-354c-42c3-bbfd-d1fe5dddfe42":{"name":"Congressional District Report","regions":["5bc9f117-41e7-468a-9272-b9bbbf7d85e7"],"mergeMultiRegions":false,"reportButtonLabels":{"EN-US":"View Congressional District"},"reportTitleLabels":{"EN-US":"Congressional District Report"},"reportDescriptions":{"EN-US":"This screen provides a summary of outage information for each Congressional District served."},"reportFields":{"customersServed":true,"customersAffected":true,"percentageCustomersAffected":true,"etr":false,"hierarchyFields":{}},"reportBehavior":{"areaNameFilter":true,"initialLoadSortByField":"name","initialLoadExpandFullTree":false,"mobileDisplayAreasWithNoOutages":false},"reportFieldLabels":{"etr":{"order":"4","desktop-text":{"EN-US":"","ES-ES":""},"mobile-text":{"EN-US":"","ES-ES":""}},"name":{"order":"0","desktop-text":{"EN-US":"Congressional District","ES-ES":""},"mobile-text":{"EN-US":"Congressional District","ES-ES":""}},"customersServed":{"order":"2","desktop-text":{"EN-US":"Members Served","ES-ES":""},"mobile-text":{"EN-US":"Members Served","ES-ES":""}},"customersAffected":{"order":"1","desktop-text":{"EN-US":"Members Affected","ES-ES":""},"mobile-text":{"EN-US":"Members Affected","ES-ES":""}},"percentageCustomersAffected":{"order":"3","desktop-text":{"EN-US":"% of Members Affected","ES-ES":""},"mobile-text":{"EN-US":"% of Members Affected","ES-ES":""}}},"etrGroupingCondition":"latest-etr-all","startingHierarchy":"name","endingHierarchy":"name","totals":{"showTotalCustomersAffected":true,"showTotalCustomersServed":true,"totalLabels":{"totalCustomersAffected":{"EN-US":"Total Members Affected"},"totalCustomersServed":{"EN-US":"Total Members Served"}}},"customersAffectedMaskingEnabled":false,"customersAffectedMaskingValue":0,"customersAffectedPercentageMaskingEnabled":true,"customersAffectedPercentageMaskingValue":1.0,"type":"Congressional"},"091444d8-805d-4f66-9684-5d1284e03eb5":{"name":"ZIP Report","regions":["5bc9f117-41e7-468a-9272-b9bbbf7d85e7"],"mergeMultiRegions":false,"reportButtonLabels":{"EN-US":"View ZIP Code"},"reportTitleLabels":{"EN-US":"ZIP Code Report"},"reportDescriptions":{"EN-US":"This screen provides a summary of outage information for each ZIP Code served."},"reportFields":{"customersServed":true,"customersAffected":true,"percentageCustomersAffected":true,"etr":false,"hierarchyFields":{}},"reportBehavior":{"areaNameFilter":true,"initialLoadSortByField":"name","initialLoadExpandFullTree":false,"mobileDisplayAreasWithNoOutages":false},"reportFieldLabels":{"etr":{"order":"4","desktop-text":{"EN-US":"","ES-ES":""},"mobile-text":{"EN-US":"","ES-ES":""}},"name":{"order":"0","desktop-text":{"EN-US":"ZIP Code","ES-ES":""},"mobile-text":{"EN-US":"ZIP Code","ES-ES":""}},"customersServed":{"order":"2","desktop-text":{"EN-US":"Members Served","ES-ES":""},"mobile-text":{"EN-US":"Members Served","ES-ES":""}},"customersAffected":{"order":"1","desktop-text":{"EN-US":"Members Affected","ES-ES":""},"mobile-text":{"EN-US":"Members Affected","ES-ES":""}},"percentageCustomersAffected":{"order":"3","desktop-text":{"EN-US":"% of Members Affected","ES-ES":""},"mobile-text":{"EN-US":"% of Members Affected","ES-ES":""}}},"etrGroupingCondition":"latest-etr-all","startingHierarchy":"name","endingHierarchy":"name","totals":{"showTotalCustomersAffected":true,"showTotalCustomersServed":true,"totalLabels":{"totalCustomersAffected":{"EN-US":"Total Members Affected"},"totalCustomersServed":{"EN-US":"Total Members Served"}}},"customersAffectedMaskingEnabled":false,"customersAffectedMaskingValue":0,"customersAffectedPercentageMaskingEnabled":true,"customersAffectedPercentageMaskingValue":1.0,"type":"zip"},"2d0bc7f6-2624-4205-948e-a5dce3618df5":{"name":"Trustee District Report","regions":["5bc9f117-41e7-468a-9272-b9bbbf7d85e7"],"mergeMultiRegions":false,"reportButtonLabels":{"EN-US":"View Trustee District"},"reportTitleLabels":{"EN-US":"Trustee District Report"},"reportDescriptions":{"EN-US":"This screen provides a summary of outage information for each Trustee District served."},"reportFields":{"customersServed":true,"customersAffected":true,"percentageCustomersAffected":true,"etr":false,"hierarchyFields":{}},"reportBehavior":{"areaNameFilter":true,"initialLoadSortByField":"name","initialLoadExpandFullTree":false,"mobileDisplayAreasWithNoOutages":false},"reportFieldLabels":{"etr":{"order":"4","desktop-text":{"EN-US":"","ES-ES":""},"mobile-text":{"EN-US":"","ES-ES":""}},"name":{"order":"0","desktop-text":{"EN-US":"Trustee District","ES-ES":""},"mobile-text":{"EN-US":"Trustee District","ES-ES":""}},"customersServed":{"order":"2","desktop-text":{"EN-US":"Members Served","ES-ES":""},"mobile-text":{"EN-US":"Members Served","ES-ES":""}},"customersAffected":{"order":"1","desktop-text":{"EN-US":"Members Affected","ES-ES":""},"mobile-text":{"EN-US":"Members Affected","ES-ES":""}},"percentageCustomersAffected":{"order":"3","desktop-text":{"EN-US":"% of Members Affected","ES-ES":""},"mobile-text":{"EN-US":"% of Members Affected","ES-ES":""}}},"etrGroupingCondition":"latest-etr-all","startingHierarchy":"name","endingHierarchy":"name","totals":{"showTotalCustomersAffected":true,"showTotalCustomersServed":true,"totalLabels":{"totalCustomersAffected":{"EN-US":"Total Members Affected"},"totalCustomersServed":{"EN-US":"Total Members Served"}}},"customersAffectedMaskingEnabled":false,"customersAffectedMaskingValue":0,"customersAffectedPercentageMaskingEnabled":true,"customersAffectedPercentageMaskingValue":1.0,"type":"Trustee "},"418be3fa-ee2a-4125-8fe1-cb46980616dd":{"name":"ST LEG Report","regions":["5bc9f117-41e7-468a-9272-b9bbbf7d85e7"],"mergeMultiRegions":false,"reportButtonLabels":{"EN-US":"View ST LEG"},"reportTitleLabels":{"EN-US":"ST LEG District Report"},"reportDescriptions":{"EN-US":"This screen provides a summary of outage information for each State Legislative District served."},"reportFields":{"customersServed":true,"customersAffected":true,"percentageCustomersAffected":true,"etr":false,"hierarchyFields":{}},"reportBehavior":{"areaNameFilter":true,"initialLoadSortByField":"name","initialLoadExpandFullTree":false,"mobileDisplayAreasWithNoOutages":false},"reportFieldLabels":{"etr":{"order":"4","desktop-text":{"EN-US":"","ES-ES":""},"mobile-text":{"EN-US":"","ES-ES":""}},"name":{"order":"0","desktop-text":{"EN-US":"Senate District","ES-ES":""},"mobile-text":{"EN-US":"Senate District","ES-ES":""}},"customersServed":{"order":"2","desktop-text":{"EN-US":"Members Served","ES-ES":""},"mobile-text":{"EN-US":"Members Served","ES-ES":""}},"customersAffected":{"order":"1","desktop-text":{"EN-US":"Members Affected","ES-ES":""},"mobile-text":{"EN-US":"Members Affected","ES-ES":""}},"percentageCustomersAffected":{"order":"3","desktop-text":{"EN-US":"% of Members Affected","ES-ES":""},"mobile-text":{"EN-US":"% of Members Affected","ES-ES":""}}},"etrGroupingCondition":"latest-etr-all","startingHierarchy":"name","endingHierarchy":"name","totals":{"showTotalCustomersAffected":true,"showTotalCustomersServed":true,"totalLabels":{"totalCustomersAffected":{"EN-US":"Total Members Affected"},"totalCustomersServed":{"EN-US":"Total Members Served"}}},"customersAffectedMaskingEnabled":false,"customersAffectedMaskingValue":0,"customersAffectedPercentageMaskingEnabled":true,"customersAffectedPercentageMaskingValue":1.0,"type":"Senate"},"adfcb5ef-e030-4698-af7e-45c8809f39b4":{"name":"FD LEG Report","regions":["5bc9f117-41e7-468a-9272-b9bbbf7d85e7"],"mergeMultiRegions":false,"reportButtonLabels":{"EN-US":"View FD LEG"},"reportTitleLabels":{"EN-US":"FD LEG District Report"},"reportDescriptions":{"EN-US":"This screen provides a summary of outage information for each Federal Legislative District served."},"reportFields":{"customersServed":true,"customersAffected":true,"percentageCustomersAffected":true,"etr":false,"hierarchyFields":{}},"reportBehavior":{"areaNameFilter":true,"initialLoadSortByField":"name","initialLoadExpandFullTree":false,"mobileDisplayAreasWithNoOutages":false},"reportFieldLabels":{"etr":{"order":"4","desktop-text":{"EN-US":"","ES-ES":""},"mobile-text":{"EN-US":"","ES-ES":""}},"name":{"order":"0","desktop-text":{"EN-US":"Operational District","ES-ES":""},"mobile-text":{"EN-US":"Operational District","ES-ES":""}},"customersServed":{"order":"2","desktop-text":{"EN-US":"Members Served","ES-ES":""},"mobile-text":{"EN-US":"Members Served","ES-ES":""}},"customersAffected":{"order":"1","desktop-text":{"EN-US":"Members Affected","ES-ES":""},"mobile-text":{"EN-US":"Members Affected","ES-ES":""}},"percentageCustomersAffected":{"order":"3","desktop-text":{"EN-US":"% of Members Affected","ES-ES":""},"mobile-text":{"EN-US":"% of Members Affected","ES-ES":""}}},"etrGroupingCondition":"latest-etr-all","startingHierarchy":"name","endingHierarchy":"name","totals":{"showTotalCustomersAffected":true,"showTotalCustomersServed":true,"totalLabels":{"totalCustomersAffected":{"EN-US":"Total Members Affected"},"totalCustomersServed":{"EN-US":"Total Members Served"}}},"customersAffectedMaskingEnabled":false,"customersAffectedMaskingValue":0,"customersAffectedPercentageMaskingEnabled":true,"customersAffectedPercentageMaskingValue":1.0,"type":"Operational"},"d2ac3541-dd4a-4c72-aa16-589371ba5d79":{"name":"County Report","regions":["5bc9f117-41e7-468a-9272-b9bbbf7d85e7"],"mergeMultiRegions":false,"reportButtonLabels":{"EN-US":"View County"},"reportTitleLabels":{"EN-US":"County Report"},"reportDescriptions":{"EN-US":"This screen provides a summary of outage information for each County served."},"reportFields":{"customersServed":true,"customersAffected":true,"percentageCustomersAffected":true,"etr":false,"hierarchyFields":{}},"reportBehavior":{"areaNameFilter":true,"initialLoadSortByField":"name","initialLoadExpandFullTree":false,"mobileDisplayAreasWithNoOutages":false},"reportFieldLabels":{"etr":{"order":"4","desktop-text":{"EN-US":"","ES-ES":""},"mobile-text":{"EN-US":"","ES-ES":""}},"name":{"order":"0","desktop-text":{"EN-US":"County","ES-ES":""},"mobile-text":{"EN-US":"County","ES-ES":""}},"customersServed":{"order":"2","desktop-text":{"EN-US":"Members Served","ES-ES":""},"mobile-text":{"EN-US":"Members Served","ES-ES":""}},"customersAffected":{"order":"1","desktop-text":{"EN-US":"Members Affected","ES-ES":""},"mobile-text":{"EN-US":"Members Affected","ES-ES":""}},"percentageCustomersAffected":{"order":"3","desktop-text":{"EN-US":"% of Members Affected","ES-ES":""},"mobile-text":{"EN-US":"% of Members Affected","ES-ES":""}}},"etrGroupingCondition":"latest-etr-all","startingHierarchy":"name","endingHierarchy":"name","totals":{"showTotalCustomersAffected":true,"showTotalCustomersServed":true,"totalLabels":{"totalCustomersAffected":{"EN-US":"Total Members Affected"},"totalCustomersServed":{"EN-US":"Total Members Served"}}},"customersAffectedMaskingEnabled":false,"customersAffectedMaskingValue":0,"customersAffectedPercentageMaskingEnabled":true,"customersAffectedPercentageMaskingValue":1.0,"type":"county"}},"designs":{"133dfc28-1ccc-4019-92e8-648a371d0723":{"name":"Design A","styles":{"header":{"background-color":"#EEEEEE","font-color":"#000000","panel-button-background-color-highlight":"#006FBA","button-background-color":"#F7941D","button-font-color":"#FFFFFF","social-media-icon-color":"#006FBA"},"alert-banner":{"background-color":"#D64A37","font-color":"#FFFFFF"},"info-box":{"title-background-color":"#006FBA","title-font-color":"#FFFFFF","body-background-color":"#EEEEEE","body-font-color":"#536372","body-mainfield-background-color":"#E0E0E0","body-mainfield-font-color":"#454545","footer-buttons-background-color":"#F7941D","footer-buttons-font-color":"#FFFFFF"},"menu-panel":{"background-color":"#006FBA","font-color":"#000000","total-outages-background-color":"#006FBA","total-outages-font-color":"#FFFFFF","total-label-background-color":"#006FBA","total-label-font-color":"#FFFFFF","customers-totals-background-color":"#8CBEE0","customers-totals-font-color":"#FFFFFF","other-totals-background-color":"#8CBEE0","other-totals-font-color":"#fff","tab-background-color":"#727272","tab-font-color":"#FFFFFF","tab-content-background-color":"#FFFFFF","tab-content-font-color":"#000000","summary-link-background-color":"#FFFFFF","summary-link-font-color":"#000000","custom-buttons-holder-background-color":"#FFFFFF","button-background-color":"#F7941D","button-font-color":"#FFFFFF","social-media-icon-color":"#006FBA"},"alerts-panel":{"header-background-color":"#FFFFFF","header-button-background-color":"#F7941D","header-button-font-color":"#FFFFFF","panel-holder-font-color":"#686868"},"reports-panel":{"header-background-color":"#FFFFFF","header-font-color":"#000000","header-button-background-color":"#F7941D","header-button-font-color":"#FFFFFF","panel-holder-font-color":"#6C6B77","total-customers-affected-background-color":"#006FBA","total-customers-affected-font-color":"#FFFFFF","total-customers-affected-border-color":"#006FBA","total-customers-served-background-color":"#F7941D","total-customers-served-font-color":"#FFFFFF","total-customers-served-border-color":"#F7941D","table-row-odd-background-color":"#FFFFFF","table-row-odd-font-color":"#686868","table-row-even-background-color":"#DDDFE3","table-row-even-font-color":"#686868","table-column-header-background-color-name":"#EBEEF0","table-column-header-font-color-name":"#000000","table-column-header-background-color-state":"#CBCED0","table-column-header-font-color-state":"#000000","table-column-header-background-color-customers-affected":"#006FBA","table-column-header-font-color-customers-affected":"#FFFFFF","table-column-header-background-color-customers-served":"#F7941D","table-column-header-font-color-customers-served":"#FFFFFF","table-column-header-background-color-etr":"#D7D8DB","table-column-header-font-color-etr":"#FFFFFF","table-column-header-background-color-percent-customers-affected":"#7C7B87","table-column-header-font-color-percent-customers-affected":"#FFFFFF","table-column-data-link-name":"#000000","footer-background-color":"#EDEFF1","footer-button-font-color":"#000000"}},"layouts":{"showHeaderText":true,"headerCustomButtons":["fed184b5-497e-4121-9adc-1876d81342c8","3e29f688-d342-43dc-a984-a976c0d30abc"],"headerSocialMediaButtons":["05fbddd9-3dd5-47ee-8834-04ede99bf675","b44cd09e-4d6f-4dab-a095-fa92378476fd","55bfcf2a-520f-4f8e-9ccb-195c22ea41c2"],"headerMainButtons":["afaaf3d4-1c40-4e02-bf0e-d96ef9710c64"],"toolsMenuButtons":["c7591454-8570-4fba-808f-a04509d2ed1e"],"headerLogo":{"image":"https://s3.amazonaws.com/swift-static-content/seco/SECO_Energy_Logo.svg","url":{"EN-US":"https://secoenergy.com/"},"urlTarget":"_blank"},"reportsPaneHeaderLogo":{"image":"https://s3.amazonaws.com/swift-static-content/seco/SECO_Energy_Logo.svg","url":{"EN-US":"https://secoenergy.com/"},"urlTarget":"_blank"},"alertsPaneHeaderLogo":{"image":"","url":{"EN-US":""},"urlTarget":"_blank"}}}},"customButtons":{"05fbddd9-3dd5-47ee-8834-04ede99bf675":{"name":"Facebook","type":"SOCIAL","url":{"EN-US":"https://www.facebook.com/secoenergy/"},"urlTarget":"_blank","icon":"social-facebook","desktop-text":{},"mobile-text":{}},"063b200d-c737-4e4a-b161-181118514c16":{"name":"Report Outage","type":"INFOBOX","url":{"EN-US":"https://secoenergy.com/ors/"},"urlTarget":"_blank","icon":"","desktop-text":{"EN-US":"Report Outage"},"mobile-text":{"EN-US":"Report Outage"}},"3380541c-2078-42fc-af89-d29bf7d794ec":{"name":"Contact Us","type":"INFOBOX","url":{"EN-US":"http://secoenergy.com/contact/"},"urlTarget":"_blank","icon":"","desktop-text":{"EN-US":"Contact Us"},"mobile-text":{"EN-US":"Contact Us"}},"3e29f688-d342-43dc-a984-a976c0d30abc":{"name":"Check Status","type":"HEADER_CUSTOM","url":{"EN-US":"https://secoenergy.com/ors/"},"urlTarget":"_blank","icon":"","desktop-text":{"EN-US":"Check Status"},"mobile-text":{}},"55bfcf2a-520f-4f8e-9ccb-195c22ea41c2":{"name":"Instagram","type":"SOCIAL","url":{"EN-US":"https://www.instagram.com/secoenergy"},"urlTarget":"_blank","icon":"social-instagram","desktop-text":{},"mobile-text":{}},"57bb3953-5654-4a96-baa5-5316210f745a":{"name":"Check Status","type":"INFOBOX","url":{"EN-US":"https://secoenergy.com/"},"urlTarget":"_blank","icon":"","desktop-text":{"EN-US":"Check Status"},"mobile-text":{"EN-US":"Check Status"}},"afaaf3d4-1c40-4e02-bf0e-d96ef9710c64":{"name":"Contact Us","type":"HEADER_MAIN","url":{"EN-US":"http://secoenergy.com/contact/"},"urlTarget":"_blank","icon":"comment-square","desktop-text":{"EN-US":"Contact Us"},"mobile-text":{}},"b44cd09e-4d6f-4dab-a095-fa92378476fd":{"name":"Twitter","type":"SOCIAL","url":{"EN-US":"https://twitter.com/SECOenergy"},"urlTarget":"_blank","icon":"social-twitter","desktop-text":{},"mobile-text":{}},"c7591454-8570-4fba-808f-a04509d2ed1e":{"name":"Manage Notifications","type":"TOOLS","url":{"EN-US":"https://secoenergy.com/notify/"},"urlTarget":"_blank","icon":"bell","desktop-text":{"EN-US":"Manage Notifications"},"mobile-text":{"EN-US":"Manage Notifications"}},"fed184b5-497e-4121-9adc-1876d81342c8":{"name":"Report Outage","type":"HEADER_CUSTOM","url":{"EN-US":"https://secoenergy.com/"},"urlTarget":"_blank","icon":"","desktop-text":{"EN-US":"Report Outage"},"mobile-text":{}}},"mappings":{"99808988-95a7-43ee-a7e7-0686c6310f79":{"name":"Cause","labels":{"CODE-01":{"EN-US":"Hardware Failure/Upgrade"},"CODE-02":{"EN-US":"Animals and Foilage"},"CODE-03":{"EN-US":"Light Equipment Failure"},"CODE-04":{"EN-US":"Accident Damage"},"CODE-05":{"EN-US":"Outage Resolved"},"CODE-06":{"EN-US":"Digging in Progress"},"CODE-07":{"EN-US":"Installation in Progress"},"CODE-08":{"EN-US":"Storm Damage"},"CODE-09":{"EN-US":"Planned Outage"},"CODE-10":{"EN-US":"Other"},"CODE-11":{"EN-US":"Lightning Damage"},"CODE-12":{"EN-US":"Planned Equipment Upgrade"}}},"b063263e-1ed1-45dd-b000-5dacf5d3e92f":{"name":"Crew Status","labels":{"New":{"EN-US":"Pending"},"Arrived":{"EN-US":"On Site"},"Assigned":{"EN-US":"Assigned"},"En Route":{"EN-US":"En Route"},"Dispatched":{"EN-US":"Assigned"}}}},"labelings":{"4a42bcd6-2acc-4831-8a72-d871bb4f0c0a":{"name":"Estimated Time Of Restoration","etrLabels":{"ETR-NULL":{"EN-US":"Assessing","ES-ES":"Evaluating Outage"},"ETR-EXP":{"EN-US":"Assessing","ES-ES":"Re-evaluating Outage"}}}}}
