{
  "type":"FeatureCollection",
  "features":[
    {
      "id":"North East and South East AZ",
      "type":"Feature",
      "geometry":{
        "coordinates":[[[[-111.49,34.5],[-111.49,31.28],[-114.91,31.28],[-114.91,34.5],[-111.49,34.5]]],[[[-109.0,37.0],[-109.0,35.5],[-111.49,35.5],[-111.49,37.0],[-109.0,37.0]]]],
        "type":"MultiPolygon"
      },
      "properties": {

      }
    },
    {
      "id":"South West AZ",
      "type": "Feature",
      "geometry": {
        "coordinates": [[[[-111.49,34.5],[-109.0,34.5],[-109.0,31.28],[-111.49,31.28],[-111.49,34.5]]]],
        "type": "MultiPolygon"
      },
      "properties": {

      }
    }
  ]
}
