{
	"version": "V1",
	"version": "V1",
	"name": "DemoSite",
	"sources": {
		"outageFeed": "e7f95efc-0200-4da6-8d7c-46901c39c739",
		"deliveryNodeFeed": "b056345f-c0b6-4d0f-96db-a92e78c4647d",
		"selectedRegions": {
			"d8dc1083-9882-407f-9930-f62324f8dd1e": {
				"selectedRegionThematics": {
					"zip": {
						"regionThematic": "1cd02dcb-5973-496b-917f-aa4a2234190e",
						"filterDeliveryNodes": true,
						"hierarchy": []
					},
					"county": {
						"regionThematic": "a0e8a5c3-0b4c-4fbf-9e0e-3b0c9038e8ad",
						"filterDeliveryNodes": true,
						"hierarchy": ["state"]
					}
				}
			}
		}
	},
	"views": {
		"1": {
			"globalUUID": "8e01ee15-2d0d-4af0-bae1-f179bf08b866",
			"url": "dev.kubra.io/views/8e01ee15-2d0d-4af0-bae1-f179bf08b866",
			"name": "Docs View",
			"general": {
				"defaultLanguage": "EN-US",
				"utility": "ABC Energy",
				"country": "US",
				"timeZone": "usrLocale",
				"gaTrackingCodes": ["UA-50035820-1"]
			},
			"map": {
				"minZoom": 5,
				"maxZoom": 18,
				"startZoom": 10,
				"startCoord": {
					"type": "Point",
					"coordinates": [34.5,
					-111.49],
					"bbox": [30.287148,
					-120.123134,
					40.821787,
					-107.357022]
				},
				"allowedMapTypes": ["r",
				"s",
				"h"],
				"defaultBaseLayer": "r",
				"mapApi": "googlemaps",
				"mapApiCredentials": "client=gme-ifactorconsulting1"
			},
			"dataLayers": ["cluster-1",
			"thematic-2",
			"thematic-3"],
			"reports": ["0212e2fc-ed0c-43e6-9a6f-2b5bd2540f9a",
			"f575db75-cc30-4e2e-8fa1-ec012395d1f2"],
			"summary": "summary-1",
			"labeling": "233410e0-d84e-4678-8bbc-1c986979f3b2",
			"visibility": {
				"choiceVisibility": {
					"0161a62d-8075-40c6-bf4e-4a5619ae84e2": {
						"name": null,
						"options": {
							"46ce2b48-03ad-4fc2-8c94-fad12bae5037": {
								"order": "1",
								"layers": ["cluster-1"],
								"minimumZoom": 5,
								"maximumZoom": 18,
								"checkZoomOut": false,
								"checkZoomIn": false,
								"label": {
									"EN-US": "Outages by Location",
									"ES-ES": "Cortes por Ubicación"
								},
								"subControls": {
									
								}
							},
							"be172d1c-d468-4bc0-adaa-cd85a7146788": {
								"order": "2",
								"layers": ["thematic-2"],
								"minimumZoom": 11,
								"maximumZoom": 18,
								"checkZoomOut": true,
								"checkZoomIn": false,
								"label": {
									"EN-US": "Outages by ZIP Code",
									"ES-ES": "Cortes por Código Postal"
								},
								"subControls": {
									
								}
							},
							"dcefb934-40ba-494d-baec-e71df30af6e0": {
								"order": "3",
								"layers": ["thematic-3"],
								"minimumZoom": 5,
								"maximumZoom": 10,
								"checkZoomOut": false,
								"checkZoomIn": true,
								"label": {
									"EN-US": "Outages by County",
									"ES-ES": "Cortes por Condado"
								},
								"subControls": {
									
								}
							}
						},
						"legend": {
							"showLegendInMap": true
						},
						"defaultInNormal": "46ce2b48-03ad-4fc2-8c94-fad12bae5037",
						"defaultInStorm": "dcefb934-40ba-494d-baec-e71df30af6e0"
					}
				},
				"toggleVisibility": {
					
				}
			},
			"serviceTerritory": "9e32e9eb-7d8e-4e5f-b577-52740df2e5b3",
			"design": "e358b89f-d88c-413d-bcd0-0d84eeba81d7",
			"customLayers": {
				"enableCustomLayers": true,
				"defaultShow": false
			},
			"weather": {
				"enableWeather": true,
				"defaultShow": false
			},
			"customersMasking": {
				"customersAffectedMaskingVerbiage": {
					"EN-US": "Less than "
				},
				"customersAffectedPercentageMaskingVerbiage": {
					"EN-US": "Less than "
				}
			}
		},
		"2": {
			"globalUUID": "c1dc7794-39f9-41ea-a7e3-dd150c742aad",
			"url": "dev.kubra.io/views/c1dc7794-39f9-41ea-a7e3-dd150c742aad",
			"name": "Docs View 2",
			"general": {
				"defaultLanguage": "EN-US",
				"utility": "ABC Energy",
				"country": "US",
				"timeZone": "usrLocale",
				"gaTrackingCodes": ["UA-50035820-1"]
			},
			"map": {
				"minZoom": 5,
				"maxZoom": 18,
				"startZoom": 10,
				"startCoord": {
					"type": "Point",
					"coordinates": [34.5,
					-111.49],
					"bbox": [30.287148,
					-120.123134,
					40.821787,
					-107.357022]
				},
				"allowedMapTypes": ["r",
				"s",
				"h"],
				"defaultBaseLayer": "r",
				"mapApi": "googlemaps",
				"mapApiCredentials": "client=gme-ifactorconsulting1"
			},
			"dataLayers": ["cluster-1",
			"thematic-2",
			"thematic-3"],
			"reports": ["0212e2fc-ed0c-43e6-9a6f-2b5bd2540f9a",
			"f575db75-cc30-4e2e-8fa1-ec012395d1f2"],
			"summary": "summary-1",
			"visibility": {
				"choiceVisibility": {
					"12edb8ac-aebf-46a7-a404-fa2dbc24aea3": {
						"name": null,
						"options": {
							"715de46d-be58-498f-a125-4800e11bc550": {
								"order": "3",
								"layers": ["thematic-3"],
								"minimumZoom": 5,
								"maximumZoom": 10,
								"checkZoomOut": true,
								"checkZoomIn": true,
								"label": {
									"EN-US": "Outages by County",
									"ES-ES": "Cortes por Condado"
								},
								"subControls": {
									
								}
							},
							"f9607178-b745-43d6-9aef-aa7be85abd51": {
								"order": "2",
								"layers": ["cluster-1"],
								"minimumZoom": 5,
								"maximumZoom": 18,
								"checkZoomOut": false,
								"checkZoomIn": false,
								"label": {
									"EN-US": "Outages by Location",
									"ES-ES": "Cortes por Ubicación"
								},
								"subControls": {
									
								}
							},
							"fc89b1eb-6947-44cc-a66a-faca7f256709": {
								"order": "1",
								"layers": ["thematic-2"],
								"minimumZoom": 11,
								"maximumZoom": 18,
								"checkZoomOut": true,
								"checkZoomIn": true,
								"label": {
									"EN-US": "Outages by ZIP Code",
									"ES-ES": "Cortes por Código Postal"
								},
								"subControls": {
									
								}
							}
						},
						"legend": {
							"showLegendInMap": true
						},
						"defaultInNormal": "fc89b1eb-6947-44cc-a66a-faca7f256709",
						"defaultInStorm": "f9607178-b745-43d6-9aef-aa7be85abd51"
					}
				},
				"toggleVisibility": {
					
				}
			},
			"serviceTerritory": "9e32e9eb-7d8e-4e5f-b577-52740df2e5b3",
			"design": "a714720d-a6b9-4be3-91a8-8bf97b73c947",
			"customLayers": {
				"enableCustomLayers": true,
				"defaultShow": false
			},
			"weather": {
				"enableWeather": true,
				"defaultShow": false
			},
			"customersMasking": {
				"customersAffectedMaskingVerbiage": {
					"EN-US": "Less than "
				},
				"customersAffectedPercentageMaskingVerbiage": {
					"EN-US": "Less than "
				}
			}
		}
	},
	"dataLayers": {
		"cluster-1": {
			"type": "CLUSTER",
			"name": "01-ClusterLayer",
			"title": {
				"EN-US": "Outage Information",
				"ES-ES": "Información de Corte Eléctrico"
			},
			"layerFieldLabels": {
				"etr": {
					"order": "1",
					"desktop-text": {
						"EN-US": "Estimated Restoration Time",
						"ES-ES": "Tiempo estimado de restauración"
					},
					"mobile-text": {
						"EN-US": "ETR",
						"ES-ES": "TER"
					}
				},
				"cause": {
					"order": "6",
					"desktop-text": {
						"EN-US": "Cause",
						"ES-ES": "Causa"
					},
					"mobile-text": {
						"EN-US": "Cause",
						"ES-ES": "Causa"
					}
				},
				"etrType": {
					"order": "4",
					"desktop-text": {
						"EN-US": "ETRTypeDesktopClusterEN",
						"ES-ES": "ETRTypeDesktopClusterES"
					},
					"mobile-text": {
						"EN-US": "ETRTypeMobileClusterEN",
						"ES-ES": "ETRTypeMobileClusterES"
					}
				},
				"comments": {
					"order": "5",
					"desktop-text": {
						"EN-US": "Comments",
						"ES-ES": "Comentarios"
					},
					"mobile-text": {
						"EN-US": "Comments",
						"ES-ES": "Comentarios"
					}
				},
				"startTime": {
					"order": "7",
					"desktop-text": {
						"EN-US": "Start Time",
						"ES-ES": "Hora de Comienzo"
					},
					"mobile-text": {
						"EN-US": "Start",
						"ES-ES": "Comienzo"
					}
				},
				"crewStatus": {
					"order": "4",
					"desktop-text": {
						"EN-US": "Crew Status",
						"ES-ES": "Estado del Equipo"
					},
					"mobile-text": {
						"EN-US": "Crew",
						"ES-ES": "Equipo"
					}
				},
				"incidentId": {
					"order": "6",
					"desktop-text": {
						"EN-US": "IncidentIDDesktopClusterEN",
						"ES-ES": "IncidentIDDesktopClusterES"
					},
					"mobile-text": {
						"EN-US": "IncidentIDMobileClusterEN",
						"ES-ES": "IncidentIDMobileClusterES"
					}
				},
				"etrConfidence": {
					"order": "5",
					"desktop-text": {
						"EN-US": "ETRConfidenceDesktopClusterEN",
						"ES-ES": "ETRConfidenceDesktopClusterES"
					},
					"mobile-text": {
						"EN-US": "ETRConfidenceMobileClusterEN",
						"ES-ES": "ETRConfidenceMobileClusterES"
					}
				},
				"numberOfOutages": {
					"order": "2",
					"desktop-text": {
						"EN-US": "# of Outages",
						"ES-ES": "# de Cortes"
					},
					"mobile-text": {
						"EN-US": "Outages",
						"ES-ES": "Cortes"
					}
				},
				"customersAffected": {
					"order": "3",
					"desktop-text": {
						"EN-US": "Customers Affected",
						"ES-ES": "Clientes Afectados"
					},
					"mobile-text": {
						"EN-US": "Customers",
						"ES-ES": "Clientes"
					}
				}
			},
			"etrGroupingCondition": "latest-etr-all",
			"ranges": [{
				"start": 501,
				"end": null,
				"style": "outages-red-star"
			},
			{
				"start": 1,
				"end": 100,
				"style": "outages-blue-circle"
			},
			{
				"start": 101,
				"end": 250,
				"style": "outages-green-triangle"
			},
			{
				"start": 251,
				"end": 500,
				"style": "outages-purple-square"
			}],
			"methodForRange": "custAffNumOut",
			"legendLabel": {
				"mobile-text": {
					"EN-US": "Outages",
					"ES-ES": "Cortes"
				},
				"desktop-text": {
					"EN-US": "Customers Affected",
					"ES-ES": "Clientes Afectados"
				}
			},
			"customersAffectedMaskingEnabled": true,
			"customersAffectedMaskingValue": 5,
			"customersAffectedPercentageMaskingEnabled": true,
			"customersAffectedPercentageMaskingValue": 2.0,
			"regions": ["d8dc1083-9882-407f-9930-f62324f8dd1e"],
			"individualInfoBoxFields": {
				"incidentId": false,
				"etr": true,
				"customersAffected": true,
				"crewStatus": true,
				"comments": true,
				"cause": true,
				"startTime": true,
				"etrType": false,
				"etrConfidence": false
			},
			"clusterInfoBoxFields": {
				"etr": true,
				"numberOfOutages": true,
				"customersAffected": true,
				"etrType": false,
				"etrConfidence": false
			},
			"clusterLayerBehavior": {
				"enableCrewIconIndicator": true,
				"disablePolygons": true,
				"maxZoomToCluster": 15,
				"startZoomToPaginateOutage": 14,
				"clusterTolerance": 30
			},
			"titleCluster": {
				"EN-US": "Outage Information",
				"ES-ES": "Información de Cortes Eléctricos"
			},
			"infoboxExtraText": {
				"EN-US": "",
				"ES-ES": ""
			},
			"clusteredInfoboxExtraText": {
				"EN-US": "",
				"ES-ES": ""
			},
			"paginatedInfoboxExtraText": {
				"EN-US": "",
				"ES-ES": ""
			}
		},
		"thematic-2": {
			"type": "THEMATIC",
			"name": "01-ThematicZipLayer",
			"title": {
				"EN-US": "ZIP Code",
				"ES-ES": "Código Postal"
			},
			"layerFieldLabels": {
				"etr": {
					"order": "1",
					"desktop-text": {
						"EN-US": "Estimated Restoration Time",
						"ES-ES": "Tiempo Estimado de Restauración"
					},
					"mobile-text": {
						"EN-US": "ETR",
						"ES-ES": "TER"
					}
				},
				"customersServed": {
					"order": "4",
					"desktop-text": {
						"EN-US": "Customers Served",
						"ES-ES": "Clientes Atendidos"
					},
					"mobile-text": {
						"EN-US": "Served",
						"ES-ES": "Atendidos"
					}
				},
				"numberOfOutages": {
					"order": "2",
					"desktop-text": {
						"EN-US": "# of Outages",
						"ES-ES": "# de Cortes"
					},
					"mobile-text": {
						"EN-US": "Outages",
						"ES-ES": "Cortes"
					}
				},
				"customersAffected": {
					"order": "3",
					"desktop-text": {
						"EN-US": "Customers Affected",
						"ES-ES": "Clientes Afectados"
					},
					"mobile-text": {
						"EN-US": "Affected",
						"ES-ES": "Afectados"
					}
				},
				"percentageCustomersAffected": {
					"order": "5",
					"desktop-text": {
						"EN-US": "% Customers Affected",
						"ES-ES": "% Clientes Afectados"
					},
					"mobile-text": {
						"EN-US": "% Affected",
						"ES-ES": "% Afectados"
					}
				}
			},
			"etrGroupingCondition": "latest-etr-all",
			"ranges": [{
				"start": 101,
				"end": 250,
				"style": "thematic-green"
			},
			{
				"start": 501,
				"end": null,
				"style": "thematic-red"
			},
			{
				"start": 251,
				"end": 500,
				"style": "thematic-purple"
			},
			{
				"start": 1,
				"end": 100,
				"style": "thematic-blue"
			}],
			"methodForRange": "custAff",
			"legendLabel": {
				"mobile-text": {
					"EN-US": "Customers",
					"ES-ES": "Clientes"
				},
				"desktop-text": {
					"EN-US": "Customers Affected",
					"ES-ES": "Clientes Afectados"
				}
			},
			"customersAffectedMaskingEnabled": true,
			"customersAffectedMaskingValue": 5,
			"customersAffectedPercentageMaskingEnabled": true,
			"customersAffectedPercentageMaskingValue": 2.0,
			"regions": ["d8dc1083-9882-407f-9930-f62324f8dd1e"],
			"areaType": "zip",
			"thematicInfoBoxFields": {
				"etr": true,
				"numberOfOutages": true,
				"customersAffected": true,
				"customersServed": true,
				"percentageCustomersAffected": true,
				"hierarchyFields": {
					
				}
			},
			"infoboxExtraText": {
				"EN-US": "",
				"ES-ES": ""
			}
		},
		"thematic-3": {
			"type": "THEMATIC",
			"name": "01-ThematicCountyLayer",
			"title": {
				"EN-US": "County",
				"ES-ES": "Condado"
			},
			"layerFieldLabels": {
				"etr": {
					"order": "1",
					"desktop-text": {
						"EN-US": "Estimated Restoration Time",
						"ES-ES": "Tiempo Estimado de Restauración"
					},
					"mobile-text": {
						"EN-US": "ETR",
						"ES-ES": "TER"
					}
				},
				"customersServed": {
					"order": "4",
					"desktop-text": {
						"EN-US": "Customers Served",
						"ES-ES": "Clientes Atendidos"
					},
					"mobile-text": {
						"EN-US": "Served",
						"ES-ES": "Atendidos"
					}
				},
				"numberOfOutages": {
					"order": "2",
					"desktop-text": {
						"EN-US": "# of Outages",
						"ES-ES": "# de Cortes"
					},
					"mobile-text": {
						"EN-US": "Outages",
						"ES-ES": "Cortes"
					}
				},
				"customersAffected": {
					"order": "3",
					"desktop-text": {
						"EN-US": "Customers Affected",
						"ES-ES": "Clientes Afectados"
					},
					"mobile-text": {
						"EN-US": "Affected",
						"ES-ES": "Afectados"
					}
				},
				"percentageCustomersAffected": {
					"order": "5",
					"desktop-text": {
						"EN-US": "% Customers Affected",
						"ES-ES": "% Clientes Afectados"
					},
					"mobile-text": {
						"EN-US": "% Affected",
						"ES-ES": "% Afectados"
					}
				}
			},
			"etrGroupingCondition": "latest-etr-all",
			"ranges": [{
				"start": 101,
				"end": 250,
				"style": "thematic-green"
			},
			{
				"start": 501,
				"end": null,
				"style": "thematic-red"
			},
			{
				"start": 251,
				"end": 500,
				"style": "thematic-purple"
			},
			{
				"start": 1,
				"end": 100,
				"style": "thematic-blue"
			}],
			"methodForRange": "custAff",
			"legendLabel": {
				"mobile-text": {
					"EN-US": "Customers",
					"ES-ES": "Clientes"
				},
				"desktop-text": {
					"EN-US": "Customers Affected",
					"ES-ES": "Clientes Afectados"
				}
			},
			"customersAffectedMaskingEnabled": true,
			"customersAffectedMaskingValue": 5,
			"customersAffectedPercentageMaskingEnabled": true,
			"customersAffectedPercentageMaskingValue": 2.0,
			"regions": ["d8dc1083-9882-407f-9930-f62324f8dd1e"],
			"areaType": "county",
			"thematicInfoBoxFields": {
				"etr": true,
				"numberOfOutages": true,
				"customersAffected": true,
				"customersServed": true,
				"percentageCustomersAffected": true,
				"hierarchyFields": {
					
				}
			},
			"infoboxExtraText": {
				"EN-US": "",
				"ES-ES": ""
			}
		}
	},
	"summaries": {
		"summary-1": {
			"name": "01-Summary",
			"regions": ["d8dc1083-9882-407f-9930-f62324f8dd1e"],
			"summaryInfoBoxFields": {
				"activeOutages": true,
				"totalCustomersAffected": true,
				"totalCustomersServed": true,
				"lastUpdated": true,
				"updateWording": true
			},
			"mergeMultiRegions": true,
			"showSummaryLabels": true,
			"summaryLabels": {
				"merged": {
					"EN-US": "",
					"ES-ES": ""
				}
			},
			"customersAffectedMaskingEnabled": true,
			"customersAffectedMaskingValue": 5,
			"customersAffectedPercentageMaskingEnabled": true,
			"customersAffectedPercentageMaskingValue": 2.0
		}
	},
	"availableLanguages": ["EN-US",
	"ES-ES"],
	"serviceTerritories": {
		"9e32e9eb-7d8e-4e5f-b577-52740df2e5b3": {
			"name": "01-ServiceTerritory",
			"regions": ["d8dc1083-9882-407f-9930-f62324f8dd1e"],
			"mergeMultiRegions": true,
			"serviceTerritoryLabels": {
				"merged": {
					"EN-US": "ABC Company",
					"ES-ES": "ABC Company"
				}
			},
			"styles": {
				"merged": {
					"color": "blue",
					"fillOpacity": 0.0,
					"toggleable": true,
					"defaultToggleOn": true,
					"legendInMap": true
				}
			}
		}
	},
	"reports": {
		"0212e2fc-ed0c-43e6-9a6f-2b5bd2540f9a": {
			"name": "01-ZipDefaultReport",
			"regions": ["d8dc1083-9882-407f-9930-f62324f8dd1e"],
			"mergeMultiRegions": true,
			"reportButtonLabels": {
				"EN-US": "Outages by ZIP Code",
				"ES-ES": "Cortes por Código Postal"
			},
			"reportTitleLabels": {
				
			},
			"reportDescriptions": {
				"EN-US": "<p>This report shows outage information for the ZIP Codes we serve.</p>",
				"ES-ES": "<p>Este informe muestra información de interrupción de los códigos postales que servimos.</p>"
			},
			"reportFields": {
				"customersServed": true,
				"customersAffected": true,
				"percentageCustomersAffected": true,
				"etr": true,
				"hierarchyFields": {
					
				}
			},
			"reportBehavior": {
				"areaNameFilter": true,
				"initialLoadSortByField": "name",
				"initialLoadExpandFullTree": false,
				"mobileDisplayAreasWithNoOutages": false
			},
			"reportFieldLabels": {
				"etr": {
					"order": "4",
					"desktop-text": {
						"EN-US": "Estimated Restoration Time",
						"ES-ES": "Tiempo Estimado de Restauración"
					},
					"mobile-text": {
						"EN-US": "ETR",
						"ES-ES": "TER"
					}
				},
				"name": {
					"order": "0",
					"desktop-text": {
						"EN-US": "ZIP Code",
						"ES-ES": "Código Postal"
					},
					"mobile-text": {
						"EN-US": "ZIP Code",
						"ES-ES": "Código Postal"
					}
				},
				"customersServed": {
					"order": "2",
					"desktop-text": {
						"EN-US": "Customers Served",
						"ES-ES": "Clientes Atendidos"
					},
					"mobile-text": {
						"EN-US": "Served",
						"ES-ES": "Atendios"
					}
				},
				"customersAffected": {
					"order": "1",
					"desktop-text": {
						"EN-US": "Customers Affected",
						"ES-ES": "Clientes Afectados"
					},
					"mobile-text": {
						"EN-US": "Affected",
						"ES-ES": "Afectados"
					}
				},
				"percentageCustomersAffected": {
					"order": "3",
					"desktop-text": {
						"EN-US": "% Customers Affected",
						"ES-ES": "% Clientes Afectados"
					},
					"mobile-text": {
						"EN-US": "% Affected",
						"ES-ES": "% Afectados"
					}
				}
			},
			"etrGroupingCondition": "latest-etr-any",
			"startingHierarchy": "name",
			"endingHierarchy": "name",
			"totals": {
				"showTotalCustomersAffected": true,
				"showTotalCustomersServed": true,
				"totalLabels": {
					"totalCustomersAffected": {
						"EN-US": "Total Customers Affected",
						"ES-ES": "Clientes Afectados"
					},
					"totalCustomersServed": {
						"EN-US": "Total Customers Served",
						"ES-ES": "Clientes Atendidos"
					}
				}
			},
			"customersAffectedMaskingEnabled": true,
			"customersAffectedMaskingValue": 5,
			"customersAffectedPercentageMaskingEnabled": true,
			"customersAffectedPercentageMaskingValue": 2.0,
			"type": "zip"
		},
		"2d4fb27d-65b7-4b14-8429-28d25f2c3fc3": {
			"name": "Zip",
			"regions": [],
			"mergeMultiRegions": false,
			"reportButtonLabels": {
				"EN-US": "",
				"ES-ES": ""
			},
			"reportTitleLabels": {
				
			},
			"reportDescriptions": {
				"EN-US": "",
				"ES-ES": ""
			},
			"reportFields": {
				"customersServed": false,
				"customersAffected": false,
				"percentageCustomersAffected": false,
				"etr": false,
				"hierarchyFields": {
					
				}
			},
			"reportBehavior": {
				"areaNameFilter": false,
				"initialLoadSortByField": "name",
				"initialLoadExpandFullTree": false,
				"mobileDisplayAreasWithNoOutages": false
			},
			"reportFieldLabels": {
				"etr": {
					"order": "4",
					"desktop-text": {
						"EN-US": "",
						"ES-ES": ""
					},
					"mobile-text": {
						"EN-US": "",
						"ES-ES": ""
					}
				},
				"name": {
					"order": "0",
					"desktop-text": {
						"EN-US": "",
						"ES-ES": ""
					},
					"mobile-text": {
						"EN-US": "",
						"ES-ES": ""
					}
				},
				"customersServed": {
					"order": "1",
					"desktop-text": {
						"EN-US": "",
						"ES-ES": ""
					},
					"mobile-text": {
						"EN-US": "",
						"ES-ES": ""
					}
				},
				"customersAffected": {
					"order": "2",
					"desktop-text": {
						"EN-US": "",
						"ES-ES": ""
					},
					"mobile-text": {
						"EN-US": "",
						"ES-ES": ""
					}
				},
				"percentageCustomersAffected": {
					"order": "3",
					"desktop-text": {
						"EN-US": "",
						"ES-ES": ""
					},
					"mobile-text": {
						"EN-US": "",
						"ES-ES": ""
					}
				}
			},
			"etrGroupingCondition": "latest-etr-all",
			"startingHierarchy": "",
			"endingHierarchy": "",
			"totals": {
				"showTotalCustomersAffected": false,
				"showTotalCustomersServed": false,
				"totalLabels": {
					"totalCustomersAffected": {
						"EN-US": "",
						"ES-ES": ""
					},
					"totalCustomersServed": {
						"EN-US": "",
						"ES-ES": ""
					}
				}
			},
			"customersAffectedMaskingEnabled": false,
			"customersAffectedMaskingValue": 0,
			"customersAffectedPercentageMaskingEnabled": false,
			"customersAffectedPercentageMaskingValue": 0.0,
			"type": "zip"
		},
		"646118df-49a1-4b49-a97a-e312a1df968b": {
			"name": "Dev County Report",
			"regions": [],
			"mergeMultiRegions": false,
			"reportButtonLabels": {
				"EN-US": "",
				"ES-ES": ""
			},
			"reportTitleLabels": {
				
			},
			"reportDescriptions": {
				"EN-US": "",
				"ES-ES": ""
			},
			"reportFields": {
				"customersServed": false,
				"customersAffected": false,
				"percentageCustomersAffected": false,
				"etr": false,
				"hierarchyFields": {
					
				}
			},
			"reportBehavior": {
				"areaNameFilter": false,
				"initialLoadSortByField": "name",
				"initialLoadExpandFullTree": false,
				"mobileDisplayAreasWithNoOutages": false
			},
			"reportFieldLabels": {
				"etr": {
					"order": "4",
					"desktop-text": {
						"EN-US": "",
						"ES-ES": ""
					},
					"mobile-text": {
						"EN-US": "",
						"ES-ES": ""
					}
				},
				"name": {
					"order": "0",
					"desktop-text": {
						"EN-US": "",
						"ES-ES": ""
					},
					"mobile-text": {
						"EN-US": "",
						"ES-ES": ""
					}
				},
				"customersServed": {
					"order": "1",
					"desktop-text": {
						"EN-US": "",
						"ES-ES": ""
					},
					"mobile-text": {
						"EN-US": "",
						"ES-ES": ""
					}
				},
				"customersAffected": {
					"order": "2",
					"desktop-text": {
						"EN-US": "",
						"ES-ES": ""
					},
					"mobile-text": {
						"EN-US": "",
						"ES-ES": ""
					}
				},
				"percentageCustomersAffected": {
					"order": "3",
					"desktop-text": {
						"EN-US": "",
						"ES-ES": ""
					},
					"mobile-text": {
						"EN-US": "",
						"ES-ES": ""
					}
				}
			},
			"etrGroupingCondition": "latest-etr-all",
			"startingHierarchy": "",
			"endingHierarchy": "",
			"totals": {
				"showTotalCustomersAffected": false,
				"showTotalCustomersServed": false,
				"totalLabels": {
					"totalCustomersAffected": {
						"EN-US": "",
						"ES-ES": ""
					},
					"totalCustomersServed": {
						"EN-US": "",
						"ES-ES": ""
					}
				}
			},
			"customersAffectedMaskingEnabled": false,
			"customersAffectedMaskingValue": 0,
			"customersAffectedPercentageMaskingEnabled": false,
			"customersAffectedPercentageMaskingValue": 0.0,
			"type": "county"
		},
		"ce8f2dbd-54b7-46d6-8016-69647673038d": {
			"name": "Dev Zip Report",
			"regions": [],
			"mergeMultiRegions": false,
			"reportButtonLabels": {
				"EN-US": "",
				"ES-ES": ""
			},
			"reportTitleLabels": {
				
			},
			"reportDescriptions": {
				"EN-US": "",
				"ES-ES": ""
			},
			"reportFields": {
				"customersServed": false,
				"customersAffected": false,
				"percentageCustomersAffected": false,
				"etr": false,
				"hierarchyFields": {
					
				}
			},
			"reportBehavior": {
				"areaNameFilter": false,
				"initialLoadSortByField": "name",
				"initialLoadExpandFullTree": false,
				"mobileDisplayAreasWithNoOutages": false
			},
			"reportFieldLabels": {
				"etr": {
					"order": "4",
					"desktop-text": {
						"EN-US": "",
						"ES-ES": ""
					},
					"mobile-text": {
						"EN-US": "",
						"ES-ES": ""
					}
				},
				"name": {
					"order": "0",
					"desktop-text": {
						"EN-US": "",
						"ES-ES": ""
					},
					"mobile-text": {
						"EN-US": "",
						"ES-ES": ""
					}
				},
				"customersServed": {
					"order": "1",
					"desktop-text": {
						"EN-US": "",
						"ES-ES": ""
					},
					"mobile-text": {
						"EN-US": "",
						"ES-ES": ""
					}
				},
				"customersAffected": {
					"order": "2",
					"desktop-text": {
						"EN-US": "",
						"ES-ES": ""
					},
					"mobile-text": {
						"EN-US": "",
						"ES-ES": ""
					}
				},
				"percentageCustomersAffected": {
					"order": "3",
					"desktop-text": {
						"EN-US": "",
						"ES-ES": ""
					},
					"mobile-text": {
						"EN-US": "",
						"ES-ES": ""
					}
				}
			},
			"etrGroupingCondition": "latest-etr-all",
			"startingHierarchy": "",
			"endingHierarchy": "",
			"totals": {
				"showTotalCustomersAffected": false,
				"showTotalCustomersServed": false,
				"totalLabels": {
					"totalCustomersAffected": {
						"EN-US": "",
						"ES-ES": ""
					},
					"totalCustomersServed": {
						"EN-US": "",
						"ES-ES": ""
					}
				}
			},
			"customersAffectedMaskingEnabled": false,
			"customersAffectedMaskingValue": 0,
			"customersAffectedPercentageMaskingEnabled": false,
			"customersAffectedPercentageMaskingValue": 0.0,
			"type": "zip"
		},
		"f575db75-cc30-4e2e-8fa1-ec012395d1f2": {
			"name": "01-CountyDefaultReport",
			"regions": ["d8dc1083-9882-407f-9930-f62324f8dd1e"],
			"mergeMultiRegions": true,
			"reportButtonLabels": {
				"EN-US": "Outages by County",
				"ES-ES": "Cortes por Condado"
			},
			"reportTitleLabels": {
				
			},
			"reportDescriptions": {
				"EN-US": "<p>This report shows outage information for the counties we serve.</p>",
				"ES-ES": "<p>Este informe muestra la información de interrupciónes para los condados que servimos.</p>"
			},
			"reportFields": {
				"customersServed": true,
				"customersAffected": true,
				"percentageCustomersAffected": true,
				"etr": true,
				"hierarchyFields": {
					"state": true
				}
			},
			"reportBehavior": {
				"areaNameFilter": true,
				"initialLoadSortByField": "name",
				"initialLoadExpandFullTree": false,
				"mobileDisplayAreasWithNoOutages": false
			},
			"reportFieldLabels": {
				"etr": {
					"order": "5",
					"desktop-text": {
						"EN-US": "Estimated Restoration Time",
						"ES-ES": "Tiempo Estimado de Restauración"
					},
					"mobile-text": {
						"EN-US": "ETR",
						"ES-ES": "TER"
					}
				},
				"name": {
					"order": "1",
					"desktop-text": {
						"EN-US": "County",
						"ES-ES": "Condado"
					},
					"mobile-text": {
						"EN-US": "County",
						"ES-ES": "Condado"
					}
				},
				"state": {
					"order": "0",
					"desktop-text": {
						"EN-US": "State",
						"ES-ES": "Estado"
					},
					"mobile-text": {
						"EN-US": "State",
						"ES-ES": "Estado"
					}
				},
				"customersServed": {
					"order": "3",
					"desktop-text": {
						"EN-US": "Customers Served",
						"ES-ES": "Clientes Atendidos"
					},
					"mobile-text": {
						"EN-US": "Served",
						"ES-ES": "Atendidos"
					}
				},
				"customersAffected": {
					"order": "2",
					"desktop-text": {
						"EN-US": "Customers Affected",
						"ES-ES": "Clientes Afectados"
					},
					"mobile-text": {
						"EN-US": "Affected",
						"ES-ES": "Afectados"
					}
				},
				"percentageCustomersAffected": {
					"order": "4",
					"desktop-text": {
						"EN-US": "% Customers Affected",
						"ES-ES": "% Clientes Afectados"
					},
					"mobile-text": {
						"EN-US": "% Affected",
						"ES-ES": "% Afectados"
					}
				}
			},
			"etrGroupingCondition": "latest-etr-any",
			"startingHierarchy": "state",
			"endingHierarchy": "name",
			"totals": {
				"showTotalCustomersAffected": true,
				"showTotalCustomersServed": true,
				"totalLabels": {
					"totalCustomersAffected": {
						"EN-US": "Customers Affected",
						"ES-ES": "Clientes Afectados"
					},
					"totalCustomersServed": {
						"EN-US": "Customers Served",
						"ES-ES": "Clientes Atendidos"
					}
				}
			},
			"customersAffectedMaskingEnabled": true,
			"customersAffectedMaskingValue": 5,
			"customersAffectedPercentageMaskingEnabled": true,
			"customersAffectedPercentageMaskingValue": 2.0,
			"type": "county"
		}
	},
	"designs": {
		"a714720d-a6b9-4be3-91a8-8bf97b73c947": {
			"name": "01-TestDesignBlue",
			"styles": {
				"header": {
					"background-color": "#42A5F5",
					"font-color": "#263238",
					"panel-button-background-color-highlight": "#CFD8DC",
					"button-background-color": "#99CCFF",
					"button-font-color": "#263238",
					"social-media-icon-color": "#99CCFF"
				},
				"alert-banner": {
					"background-color": "#FF9800",
					"font-color": "#263238"
				},
				"info-box": {
					"title-background-color": "#42A5F5",
					"title-font-color": "#263238",
					"body-background-color": "#42A5F5",
					"body-font-color": "#263238",
					"body-mainfield-background-color": "#42A5F5",
					"body-mainfield-font-color": "#263238",
					"footer-buttons-background-color": "#99CCFF",
					"footer-buttons-font-color": "#263238"
				},
				"menu-panel": {
					"background-color": "#42A5F5",
					"font-color": "#263238",
					"total-outages-background-color": "#42A5F5",
					"total-outages-font-color": "#263238",
					"total-label-background-color": "#42A5F5",
					"total-label-font-color": "#263238",
					"customers-totals-background-color": "#42A5F5",
					"customers-totals-font-color": "#263238",
					"map-update-background-color": "#7C7B87",
					"map-update-font-color": "#fff",
					"tab-background-color": "#42A5F5",
					"tab-font-color": "#263238",
					"tab-content-background-color": "#42A5F5",
					"tab-content-font-color": "#263238",
					"summary-link-background-color": "#42A5F5",
					"summary-link-font-color": "#263238",
					"custom-buttons-holder-background-color": "#42A5F5",
					"button-background-color": "#99CCFF",
					"button-font-color": "#263238",
					"social-media-icon-color": "#99CCFF"
				},
				"alerts-panel": {
					"header-background-color": "#42A5F5",
					"header-button-background-color": "#99CCFF",
					"header-button-font-color": "#263238",
					"panel-holder-font-color": "#263238"
				},
				"reports-panel": {
					"header-background-color": "#42A5F5",
					"header-font-color": "#263238",
					"header-button-background-color": "#99CCFF",
					"header-button-font-color": "#263238",
					"panel-holder-font-color": "#6C6B77",
					"total-customers-affected-background-color": "#fff",
					"total-customers-affected-font-color": "#686868",
					"total-customers-affected-border-color": "#a3a8a9",
					"total-customers-served-background-color": "#fff",
					"total-customers-served-font-color": "#686868",
					"total-customers-served-border-color": "#a3a8a9",
					"table-row-odd-background-color": "#fff",
					"table-row-odd-font-color": "#686868",
					"table-row-even-background-color": "#dddfe3",
					"table-row-even-font-color": "#686868",
					"table-column-header-background-color-name": "#EBEEF0",
					"table-column-header-font-color-name": "#000",
					"table-column-header-background-color-state": "#CBCED0",
					"table-column-header-font-color-state": "#000",
					"table-column-header-background-color-customers-affected": "#00A8E1",
					"table-column-header-font-color-customers-affected": "#fff",
					"table-column-header-background-color-customers-served": "#66CBED",
					"table-column-header-font-color-customers-served": "#fff",
					"table-column-header-background-color-etr": "#EBEEF0",
					"table-column-header-font-color-etr": "#000",
					"table-column-header-background-color-percent-customers-affected": "#7C7B87",
					"table-column-header-font-color-percent-customers-affected": "#fff",
					"table-column-data-link-name": "#1800FF",
					"footer-background-color": "#ececec",
					"footer-button-font-color": "#526375"
				}
			},
			"layouts": {
				"showHeaderText": true,
				"headerCustomButtons": ["0f401974-4ea8-4a44-a0b3-d586574405be",
				"7ddf1156-1495-4d8e-b780-1c19a9a09451"],
				"headerSocialMediaButtons": ["982d7ef4-03ff-439a-9e8b-cd226a17d27a",
				"16d24b1e-c67f-459a-8055-914adb910045",
				"42e7952a-a3b1-4e52-baac-adb33658d518"],
				"headerMainButtons": ["b4e74c96-42c8-4264-b168-003c31ac5400"],
				"toolsMenuButtons": ["22f98486-65c0-46c0-bbf0-766aa9431bec"],
				"headerLogo": {
					"image": "http://kubra.com/wp-content/uploads/2016/09/kubra_headerlogo-300x60.png",
					"url": {
						"EN-US": "http://kubra.com/",
						"ES-ES": "http://kubra.com/category/blog"
					},
					"urlTarget": "_blank"
				},
				"reportsPaneHeaderLogo": {
					"image": "http://kubra.com/wp-content/uploads/2016/09/kubra_headerlogo-300x60.png",
					"url": {
						"EN-US": "http://kubra.com/",
						"ES-ES": "http://kubra.com/category/blog"
					},
					"urlTarget": "_blank"
				},
				"alertsPaneHeaderLogo": {
					"image": "http://kubra.com/wp-content/uploads/2016/09/kubra_headerlogo-300x60.png",
					"url": {
						"EN-US": "http://kubra.com/",
						"ES-ES": "http://kubra.com/category/blog"
					},
					"urlTarget": "_blank"
				}
			}
		},
		"e358b89f-d88c-413d-bcd0-0d84eeba81d7": {
			"name": "ABC Energy",
			"styles": {
				"header": {
					"background-color": "#EBEEF0",
					"font-color": "#6C6B77",
					"panel-button-background-color-highlight": "#BBBEC0",
					"button-background-color": "#000000",
					"button-font-color": "#FFFFFF",
					"social-media-icon-color": "#99CCFF"
				},
				"alert-banner": {
					"background-color": "#EB7123",
					"font-color": "#FFFFFF"
				},
				"info-box": {
					"title-background-color": "#7C7B87",
					"title-font-color": "#F4F4F5",
					"body-background-color": "#E3EAF0",
					"body-font-color": "#6A7783",
					"body-mainfield-background-color": "#E3EAF0",
					"body-mainfield-font-color": "#454545",
					"footer-buttons-background-color": "#000000",
					"footer-buttons-font-color": "#FFFFFF"
				},
				"menu-panel": {
					"background-color": "#EBEEF0",
					"font-color": "#000000",
					"total-outages-background-color": "#000000",
					"total-outages-font-color": "#FFFFFF",
					"total-label-background-color": "#6C6B77",
					"total-label-font-color": "#FFFFFF",
					"customers-totals-background-color": "#7C7B87",
					"customers-totals-font-color": "#FFFFFF",
					"map-update-background-color": "#7C7B87",
					"map-update-font-color": "#fff",
					"tab-background-color": "#FFFFFF",
					"tab-font-color": "#000000",
					"tab-content-background-color": "#FFFFFF",
					"tab-content-font-color": "#000000",
					"summary-link-background-color": "#FFFFFF",
					"summary-link-font-color": "#4633FF",
					"custom-buttons-holder-background-color": "#FFFFFF",
					"button-background-color": "#000000",
					"button-font-color": "#FFFFFF",
					"social-media-icon-color": "#99CCFF"
				},
				"alerts-panel": {
					"header-background-color": "#FFFFFF",
					"header-button-background-color": "#000000",
					"header-button-font-color": "#FFFFFF",
					"panel-holder-font-color": "#686868"
				},
				"reports-panel": {
					"header-background-color": "#FFFFFF",
					"header-font-color": "#263238",
					"header-button-background-color": "#000000",
					"header-button-font-color": "#FFFFFF",
					"panel-holder-font-color": "#6C6B77",
					"total-customers-affected-background-color": "#FFFFFF",
					"total-customers-affected-font-color": "#686868",
					"total-customers-affected-border-color": "#A3A8A9",
					"total-customers-served-background-color": "#FFFFFF",
					"total-customers-served-font-color": "#686868",
					"total-customers-served-border-color": "#A3A8A9",
					"table-row-odd-background-color": "#FFFFFF",
					"table-row-odd-font-color": "#686868",
					"table-row-even-background-color": "#DDDFE3",
					"table-row-even-font-color": "#686868",
					"table-column-header-background-color-name": "#EBEEF0",
					"table-column-header-font-color-name": "#000000",
					"table-column-header-background-color-state": "#CBCED0",
					"table-column-header-font-color-state": "#000000",
					"table-column-header-background-color-customers-affected": "#7C7B87",
					"table-column-header-font-color-customers-affected": "#FFFFFF",
					"table-column-header-background-color-customers-served": "#48474E",
					"table-column-header-font-color-customers-served": "#FFFFFF",
					"table-column-header-background-color-etr": "#EBEEF0",
					"table-column-header-font-color-etr": "#000000",
					"table-column-header-background-color-percent-customers-affected": "#7C7B87",
					"table-column-header-font-color-percent-customers-affected": "#FFFFFF",
					"table-column-data-link-name": "#1800FF",
					"footer-background-color": "#ECECEC",
					"footer-button-font-color": "#526375"
				}
			},
			"layouts": {
				"showHeaderText": false,
				"headerCustomButtons": ["0f401974-4ea8-4a44-a0b3-d586574405be",
				"7ddf1156-1495-4d8e-b780-1c19a9a09451"],
				"headerSocialMediaButtons": ["16d24b1e-c67f-459a-8055-914adb910045",
				"42e7952a-a3b1-4e52-baac-adb33658d518",
				"982d7ef4-03ff-439a-9e8b-cd226a17d27a"],
				"headerMainButtons": [],
				"toolsMenuButtons": ["b1a179d7-bbde-471b-8f00-a1589bb4f2d2"],
				"headerLogo": {
					"image": "http://www.ifactorenergy.com/img/logo@2x.png",
					"url": {
						"EN-US": "",
						"ES-ES": ""
					},
					"urlTarget": "_blank"
				},
				"reportsPaneHeaderLogo": {
					"image": "http://www.ifactorenergy.com/img/logo@2x.png",
					"url": {
						"EN-US": "",
						"ES-ES": ""
					},
					"urlTarget": "_blank"
				},
				"alertsPaneHeaderLogo": {
					"image": "http://www.ifactorenergy.com/img/logo@2x.png",
					"url": {
						"EN-US": "",
						"ES-ES": ""
					},
					"urlTarget": "_blank"
				}
			}
		}
	},
	"customButtons": {
		"0f401974-4ea8-4a44-a0b3-d586574405be": {
			"name": "ButtonOutage",
			"type": "HEADER_CUSTOM",
			"url": {
				"EN-US": "http://dev.ifactorenergy.com/report.html",
				"ES-ES": "http://dev.ifactorenergy.com/report.html"
			},
			"urlTarget": "_blank",
			"icon": "",
			"desktop-text": {
				"EN-US": "Report Outage",
				"ES-ES": "Informar un Corte"
			},
			"mobile-text": {
				
			}
		},
		"16d24b1e-c67f-459a-8055-914adb910045": {
			"name": "HeaderTwitter",
			"type": "SOCIAL",
			"url": {
				"EN-US": "https://twitter.com/",
				"ES-ES": "https://twitter.com/?lang=es"
			},
			"urlTarget": "_blank",
			"icon": "twitter",
			"desktop-text": {
				
			},
			"mobile-text": {
				
			}
		},
		"19213535-c0e2-4046-ba80-43e8b62f822f": {
			"name": "InfoBoxParent",
			"type": "INFOBOX",
			"url": {
				"EN-US": "http://kubra.com/",
				"ES-ES": "http://kubra.com/"
			},
			"urlTarget": "_parent",
			"icon": "",
			"desktop-text": {
				"EN-US": "InfoBoxDeskParentEN",
				"ES-ES": "InfoBoxDeskParentES"
			},
			"mobile-text": {
				"EN-US": "InfoBoxMobParentEN",
				"ES-ES": "InfoBoxMobParentES"
			}
		},
		"22f98486-65c0-46c0-bbf0-766aa9431bec": {
			"name": "HeaderTools",
			"type": "TOOLS",
			"url": {
				"EN-US": "http://kubra.com/",
				"ES-ES": "http://kubra.com/about-us/"
			},
			"urlTarget": "_parent",
			"icon": "wrench",
			"desktop-text": {
				"EN-US": "ToolsDeskEN",
				"ES-ES": "ToolsDeskES"
			},
			"mobile-text": {
				
			}
		},
		"42e7952a-a3b1-4e52-baac-adb33658d518": {
			"name": "HeaderYouTube",
			"type": "SOCIAL",
			"url": {
				"EN-US": "https://YouTube.com/",
				"ES-ES": "https://YouTube.com/"
			},
			"urlTarget": "_blank",
			"icon": "youtube",
			"desktop-text": {
				
			},
			"mobile-text": {
				
			}
		},
		"47ad24b8-0335-4267-88ee-5b6efae385c3": {
			"name": "InfoBoxBlank",
			"type": "INFOBOX",
			"url": {
				"EN-US": "http://kubra.com/",
				"ES-ES": "http://kubra.com/"
			},
			"urlTarget": "_blank",
			"icon": "",
			"desktop-text": {
				"EN-US": "InfoBoxDeskBlankEN",
				"ES-ES": "InfoBoxDeskBlankES"
			},
			"mobile-text": {
				"EN-US": "InfoBoxMobBlankEN",
				"ES-ES": "InfoBoxMobBlankES"
			}
		},
		"4bbce83e-119f-4469-934e-9c59f02edc61": {
			"name": "HeaderCustomBtn",
			"type": "HEADER_CUSTOM",
			"url": {
				"EN-US": "http://s3.amazonaws.com/mapping-test.outagemaps.com/stormcenter/releases/core/4.7.1/resources/ifactor/files/Map_Help.pdf",
				"ES-ES": "http://s3.amazonaws.com/mapping-test.outagemaps.com/stormcenter/releases/core/4.7.1/resources/ifactor/files/Map_Help.pdf"
			},
			"urlTarget": "_blank",
			"icon": "",
			"desktop-text": {
				"EN-US": "HelpDeskEN",
				"ES-ES": "HelpDeskES"
			},
			"mobile-text": {
				
			}
		},
		"7ddf1156-1495-4d8e-b780-1c19a9a09451": {
			"name": "ButtonStatus",
			"type": "HEADER_CUSTOM",
			"url": {
				"EN-US": "http://dev.ifactorenergy.com/report.html",
				"ES-ES": "http://dev.ifactorenergy.com/report.html"
			},
			"urlTarget": "_blank",
			"icon": "",
			"desktop-text": {
				"EN-US": "Check Outage Status",
				"ES-ES": "Verificar Estado de Corte"
			},
			"mobile-text": {
				
			}
		},
		"982d7ef4-03ff-439a-9e8b-cd226a17d27a": {
			"name": "HeaderFacebook",
			"type": "SOCIAL",
			"url": {
				"EN-US": "https://www.facebook.com/",
				"ES-ES": "https://es-la.facebook.com/spanish.language/"
			},
			"urlTarget": "_blank",
			"icon": "facebook",
			"desktop-text": {
				
			},
			"mobile-text": {
				
			}
		},
		"b1a179d7-bbde-471b-8f00-a1589bb4f2d2": {
			"name": "Help",
			"type": "TOOLS",
			"url": {
				"EN-US": "http://s3.amazonaws.com/mapping-test.outagemaps.com/stormcenter/releases/core/4.7.1/resources/ifactor/files/Map_Help.pdf",
				"ES-ES": "http://s3.amazonaws.com/mapping-test.outagemaps.com/stormcenter/releases/core/4.7.1/resources/ifactor/files/Map_Help.pdf"
			},
			"urlTarget": "_blank",
			"icon": "question-mark",
			"desktop-text": {
				"EN-US": "Help",
				"ES-ES": "Help"
			},
			"mobile-text": {
				
			}
		},
		"b4e74c96-42c8-4264-b168-003c31ac5400": {
			"name": "HeaderMainBtn",
			"type": "HEADER_MAIN",
			"url": {
				"EN-US": "http://s3.amazonaws.com/mapping-test.outagemaps.com/stormcenter/releases/core/4.7.1/resources/ifactor/files/Map_Help.pdf",
				"ES-ES": "http://s3.amazonaws.com/mapping-test.outagemaps.com/stormcenter/releases/core/4.7.1/resources/ifactor/files/Map_Help.pdf"
			},
			"urlTarget": "_blank",
			"icon": "question-mark",
			"desktop-text": {
				"EN-US": "HelpEN",
				"ES-ES": "HelpES"
			},
			"mobile-text": {
				
			}
		}
	},
	"mappings": {
		
	},
	"labelings": {
		"233410e0-d84e-4678-8bbc-1c986979f3b2": {
			"name": "My dev labeling",
			"etrLabels": {
				"ETR-NULL": {
					"EN-US": "Evaluating Outage",
					"ES-ES": "Evaluating Outage"
				},
				"ETR-EXP": {
					"EN-US": "Re-evaluating Outage",
					"ES-ES": "Re-evaluating Outage"
				}
			}
		},
		"54840807-f265-4453-bd5a-0b23cabc1be0": {
			"name": "Docs ETR Labels",
			"etrLabels": {
				"ETR-NULL": {
					"EN-US": "Evaluating Outage",
					"ES-ES": "Evaluating Outage"
				},
				"ETR-EXP": {
					"EN-US": "Re-Evaluating Outage",
					"ES-ES": "Re-Evaluating Outage"
				}
			}
		}
	}
}