{
	"accounts": [
		{
			"accountNumber": "1001234567",
			"shortAddress": "123 MAIN",
			"street1": "123 MAIN ST.",
			"street2": "",
			"city": "Tempe",
			"state": "AZ",
			"zip": "85280",
			"contacts": [
				{
					"contact": "15555551234",
					"channelType": "SMS"
				},
				{
					"contact": "guy.somebody@sink.sengrid.net",
					"channelType": "E_MAIL"
				}
			]
		},
		{
			"accountNumber": "1001235678",
			"shortAddress": "1321 FOREST",
			"street1": "1321 FOREST AVE.",
			"street2": "",
			"city": "Mesa",
			"state": "AZ",
			"zip": "85203",
			"contacts": [
				{
					"contact": "15555559876",
					"channelType": "SMS"
				},
				{
					"contact": "joe.schmo@sink.sengrid.net",
					"channelType": "E_MAIL"
				}
			]
		}
	]
}